Country,Region,Year,Happiness Rank,Happiness Score,Economy (GDP per Capita),Family,Freedom,Trust (Government Corruption),Generosity,Dystopia Residual,Whisker.high,Whisker.low,Standard error of ladder score,Ladder score in Dystopia,Explained by: Log GDP per capita,Explained by: Social support,Explained by: Healthy life expectancy,Explained by: Freedom to make life choices,Explained by: Generosity,Explained by: Perceptions of corruption,Ladder score
Finland,Western Europe,2019,1,7.808666289,10.63926697,0.954329729,0.949172199,0.195444584,-0.059482019,2.762835026,7.869766235,7.747633934,0.031156305,1.972316742,1.285189509,1.499525905,0.961271405,0.66231674,0.159670442,0.477857262,7.808700085
Denmark,Western Europe,2019,2,7.645564601,10.77400112,0.955990791,0.951444268,0.168489456,0.066201776,2.432740688,7.711244583,7.579955101,0.033492286,1.972316742,1.326948524,1.503449202,0.979332566,0.665039897,0.242793396,0.495260328,7.645599842
Switzerland,Western Europe,2019,3,7.559934377,10.97993279,0.942846596,0.921336651,0.303728431,0.105911039,2.35026741,7.628527641,7.491271973,0.035014171,1.972316742,1.39077425,1.472403407,1.040533185,0.62895447,0.269055754,0.407945901,7.559899807
Iceland,Western Europe,2019,4,7.504452363,10.77255917,0.974669576,0.948891878,0.711709738,0.246944219,2.460688114,7.621346951,7.387652874,0.059615862,1.972316742,1.326501608,1.547567487,1.000843406,0.661980748,0.362330228,0.144540772,7.504499912
Norway,Western Europe,2019,5,7.488004564,11.08780384,0.952486575,0.955750287,0.263218194,0.13453263,2.168266296,7.55628109,7.419718742,0.034837384,1.972316742,1.42420733,1.495172501,1.008071899,0.670200884,0.287985086,0.434100568,7.487999916
Netherlands,Western Europe,2019,6,7.448898494,10.81271172,0.93913883,0.908547819,0.364717126,0.20761244,2.352117062,7.503372192,7.394428253,0.02779175,1.972316742,1.338946342,1.463645935,0.975675344,0.61362648,0.336317569,0.368569762,7.448900223
Sweden,Western Europe,2019,7,7.353544622,10.75879383,0.926311195,0.939144194,0.250880182,0.111614622,2.246299267,7.424519062,7.282480717,0.036234196,1.972316742,1.322235227,1.433347702,0.986470461,0.650297701,0.272827893,0.442066371,7.353499889
New Zealand,North America and ANZ,2019,8,7.299567014,10.50094318,0.949118972,0.936217487,0.22113885,0.191598073,2.128108025,7.376952648,7.222247601,0.039465468,1.972316742,1.242317915,1.48721838,1.008138299,0.646789908,0.325726211,0.461268276,7.299600124
Austria,Western Europe,2019,9,7.294244855,10.7428236,0.928045869,0.899989486,0.499954879,0.085429221,2.398446083,7.359595776,7.228804111,0.033365164,1.972316742,1.317285538,1.437444925,1.000933528,0.603368878,0.255509764,0.281256139,7.294199944
Luxembourg,Western Europe,2019,10,7.237479939,11.45068073,0.906912208,0.90563643,0.367084295,-0.004620588,2.153700352,7.297969818,7.177030563,0.030851794,1.972316742,1.536676049,1.387528419,0.986442685,0.610137045,0.19595392,0.367041469,7.237500191
Canada,North America and ANZ,2019,11,7.232069522,10.69236851,0.927176654,0.933913231,0.390843362,0.124770768,2.195269108,7.311294556,7.152905464,0.04040546,1.972316742,1.301647663,1.435391903,1.022501945,0.644028127,0.28152892,0.351701856,7.23210001
Australia,North America and ANZ,2019,12,7.222801744,10.72059631,0.944854617,0.915431738,0.41516912,0.19046016,2.129804134,7.30480814,7.140791416,0.041841116,1.972316742,1.310396433,1.477146268,1.022607684,0.621877193,0.324973613,0.335996419,7.222799778
United Kingdom,Western Europe,2019,13,7.164531826,10.60013485,0.93668282,0.834743679,0.435915917,0.263732493,2.236721992,7.237337589,7.091662884,0.037161909,1.972316742,1.273061037,1.457844973,0.97570008,0.525168657,0.373433441,0.322601646,7.164500237
Israel,Middle East and North Africa,2019,14,7.128591529,10.41752529,0.913571239,0.747580588,0.78085506,0.10259372,2.713358402,7.211929798,7.045270443,0.042515181,1.972316742,1.216463685,1.403256774,1.008052945,0.420699477,0.266861796,0.09989845,7.128600121
Costa Rica,Latin America and Caribbean,2019,15,7.121377819,9.658156395,0.901545942,0.934738934,0.786332428,-0.10242971,2.953135014,7.209239483,7.033560276,0.044816118,1.972316742,0.981107712,1.374853611,0.939635336,0.645017743,0.131266311,0.096362092,7.121399879
Ireland,Western Europe,2019,16,7.093672276,11.16097832,0.942081571,0.886982977,0.357184172,0.145784974,1.943878174,7.171832085,7.01556778,0.039863452,1.972316742,1.446886778,1.470596433,0.975670695,0.587779939,0.295426995,0.373433262,7.093699932
Germany,Western Europe,2019,17,7.075766681,10.7328186,0.898874462,0.867371082,0.456422031,0.080179386,2.295249462,7.145595074,7.00600481,0.035609804,1.972316742,1.314184546,1.368543744,0.972114801,0.564274132,0.252037704,0.309362292,7.075799942
United States,North America and ANZ,2019,18,6.939552396,10.92576885,0.914219022,0.842619538,0.699715316,0.149891734,2.344124794,7.032339573,6.846860409,0.047316168,1.972316742,1.37398684,1.404786706,0.831618011,0.534608245,0.298143059,0.152284741,6.939599991
Czech Republic,Central and Eastern Europe,2019,19,6.910855445,10.40416336,0.914430678,0.818537354,0.85844624,-0.230861515,2.796808243,6.994966984,6.826833248,0.042891297,1.972316742,1.212322354,1.40528667,0.89456445,0.505744576,0.046325929,0.049803223,6.910900116
Belgium,Western Europe,2019,20,6.86354375,10.6736393,0.911632538,0.813582063,0.612297952,-0.078691199,2.348626614,6.930866241,6.796133995,0.034370355,1.972316742,1.295842767,1.398677588,0.964901149,0.499805421,0.146966159,0.208724052,6.863500118
United Arab Emirates,Middle East and North Africa,2019,21,6.790843412,11.1099987,0.849181116,0.941345513,0.594502211,0.123450845,2.166965961,6.870568752,6.711031437,0.040698379,1.972316742,1.431086421,1.251170993,0.787814438,0.652936101,0.28065598,0.220213518,6.790800095
Malta,Western Europe,2019,22,6.772808238,10.53383827,0.93037951,0.924911439,0.658547282,0.214965805,1.952012062,6.856997967,6.688601971,0.042958103,1.972316742,1.252513289,1.442956924,0.972042024,0.633239031,0.341180831,0.178864077,6.772799969
France,Western Europe,2019,23,6.663842933,10.58422279,0.937103748,0.825467646,0.583521128,-0.130641967,2.053198338,6.737450123,6.590149403,0.037576791,1.972316742,1.268129349,1.458839178,1.029714227,0.514050901,0.112607703,0.227303237,6.663799763
Mexico,Latin America and Caribbean,2019,24,6.464982905,9.797797203,0.838665426,0.858709276,0.806821585,-0.175266623,2.662540197,6.559319973,6.370680332,0.048122469,1.972316742,1.024387479,1.226333499,0.831601024,0.553892553,0.083094485,0.083133668,6.465000153
Taiwan Province of China,East Asia,2019,25,6.455427394,10.77568531,0.894309103,0.77153033,0.73188293,-0.073198698,2.160238743,6.532113552,6.378686428,0.039139576,1.972316742,1.327470541,1.357760668,0.878437996,0.449404389,0.150598705,0.131516352,6.45539999
Uruguay,Latin America and Caribbean,2019,26,6.440122693,9.948192596,0.92281127,0.892395437,0.635994136,-0.101103112,2.167276382,6.529121399,6.351078987,0.045419082,1.972316742,1.071000457,1.425081134,0.856928885,0.59426707,0.132143691,0.193425074,6.440100193
Saudi Arabia,Middle East and North Africa,2019,27,6.406456053,10.79781246,0.874067068,0.854191244,0.682619512,-0.168695062,2.203118801,6.517305851,6.295693874,0.056533612,1.972316742,1.334328532,1.309950113,0.759818137,0.548477471,0.087440684,0.163322315,6.406499863
Spain,Western Europe,2019,28,6.400935045,10.46292686,0.921125412,0.751989543,0.765859902,-0.050961714,1.997088432,6.483808517,6.317991257,0.04230037,1.972316742,1.230535269,1.421099186,1.051343083,0.425983816,0.16530548,0.109579779,6.400899887
Guatemala,Latin America and Caribbean,2019,29,6.39887713,8.924805641,0.816621482,0.908147573,0.783237457,-0.042938665,2.882723093,6.5133605,6.284439564,0.058398303,1.972316742,0.753815711,1.174267054,0.705952585,0.613146722,0.170611665,0.0983603,6.398900032
Italy,Western Europe,2019,30,6.387420379,10.48183632,0.889878571,0.66465199,0.873404682,-0.043460999,2.249505997,6.47224474,6.302555561,0.043288074,1.972316742,1.236396074,1.347296,1.022504926,0.321305573,0.170266211,0.040145598,6.38740015
Singapore,Southeast Asia,2019,31,6.377133413,11.39552116,0.910268962,0.926645339,0.109784193,0.029879224,0.937031746,6.442287445,6.311912537,0.033258967,1.972316742,1.519580126,1.39545691,1.137814283,0.635317206,0.218770906,0.533162236,6.377099991
Brazil,Latin America and Caribbean,2019,32,6.375609287,9.56643486,0.896723807,0.799804807,0.770601273,-0.101812392,2.571860313,6.455549717,6.295650005,0.040790688,1.972316742,0.952679873,1.363464117,0.766119063,0.483292729,0.131674588,0.106518604,6.375599861
Slovenia,Central and Eastern Europe,2019,33,6.363382719,10.39232254,0.939575672,0.936142623,0.817071021,-0.080603383,1.888586521,6.449328899,6.277471066,0.043841314,1.972316742,1.208652496,1.464677691,0.932548046,0.646700144,0.145701498,0.076516323,6.363399982
El Salvador,Latin America and Caribbean,2019,34,6.348270327,8.909075737,0.806092262,0.833805263,0.754319906,-0.121072978,2.937191725,6.462466717,6.234133244,0.058248438,1.972316742,0.748940408,1.149397612,0.752730012,0.524043918,0.1189363,0.117030352,6.34829998
Kosovo,Central and Eastern Europe,2019,35,6.325182354,9.204429626,0.820726514,0.861535907,0.922328293,0.190933764,2.736902714,6.427544117,6.222856045,0.052216277,1.972316742,0.840481341,1.183962822,0.672709167,0.557280421,0.325286865,0.008559024,6.325200081
Panama,Latin America and Caribbean,2019,36,6.304827407,10.03423405,0.902094483,0.880366504,0.851588905,-0.153927714,2.221176147,6.421860695,6.187739372,0.059724931,1.972316742,1.097667813,1.376149297,0.878546536,0.57984978,0.097207308,0.054230526,6.304800034
Slovakia,Central and Eastern Europe,2019,37,6.280619923,10.34774971,0.922493756,0.749952674,0.918096125,-0.124409303,2.256422043,6.35683918,6.204360962,0.03889757,1.972316742,1.194837689,1.424331188,0.853465259,0.423542529,0.116729774,0.011291441,6.280600071
Uzbekistan,Commonwealth of Independent States,2019,38,6.257564933,8.740371704,0.926595807,0.974998116,0.501497388,0.248427153,2.073346615,6.36388588,6.151313782,0.05422755,1.972316742,0.696652949,1.434020042,0.716703713,0.693270326,0.363311023,0.280260265,6.257599831
Chile,Latin America and Caribbean,2019,39,6.228463657,10.0320549,0.879713595,0.744896293,0.838239431,-0.065668367,2.283012867,6.318118572,6.138881207,0.045723889,1.972316742,1.096992493,1.323286891,0.889260828,0.417482227,0.155579001,0.06284935,6.228499889
Bahrain,Middle East and North Africa,2019,40,6.227320566,10.67638016,0.876342118,0.905855775,0.7393471,0.13372919,1.751917362,6.387789249,6.066811085,0.081882261,1.972316742,1.296692252,1.31532371,0.838836372,0.610399902,0.287453711,0.126697257,6.227300167
Lithuania,Central and Eastern Europe,2019,41,6.215494741,10.34362602,0.926107109,0.747381449,0.809583843,-0.219725296,2.238146067,6.302118301,6.128881454,0.044193108,1.972316742,1.193559647,1.432865739,0.795421183,0.42046079,0.053691041,0.081350274,6.215499878
Trinidad and Tobago,Latin America and Caribbean,2019,42,6.191859843,10.26000214,0.91529417,0.857907116,0.912230611,0.000526841,2.190695763,6.416218758,5.967580795,0.114448458,1.972316742,1.167641521,1.407326221,0.658828557,0.55293113,0.199358255,0.015078396,6.191899776
Poland,Central and Eastern Europe,2019,43,6.186284401,10.26512432,0.874257445,0.862055779,0.686927021,-0.205084071,2.056797981,6.255880356,6.116719246,0.035500165,1.972316742,1.16922915,1.310399771,0.868038476,0.557903528,0.063374244,0.160541251,6.186299801
Colombia,Latin America and Caribbean,2019,44,6.163443931,9.500369072,0.884440243,0.836179912,0.86457181,-0.161235645,2.421656609,6.274102688,6.052697659,0.056480873,1.972316742,0.93220371,1.33445096,0.810020149,0.526890039,0.092374094,0.04584837,6.163400173
Cyprus,Western Europe,2019,45,6.158954938,10.40570259,0.805996239,0.779858291,0.856271744,0.043731496,2.032334805,6.258187771,6.059812069,0.050605938,1.972316742,1.21279943,1.149170756,1.026124597,0.459385872,0.227932334,0.051207144,6.15899992
Nicaragua,Latin America and Caribbean,2019,46,6.137093619,8.493160248,0.857497036,0.863902867,0.665950119,0.020959141,2.496081114,6.262318611,6.011881828,0.063886963,1.972316742,0.620033145,1.27081275,0.803093255,0.560117304,0.212871477,0.174084574,6.13710022
Romania,Central and Eastern Europe,2019,47,6.123747862,10.107584,0.825161517,0.842823207,0.934300244,-0.19781521,2.412749767,6.216668129,6.030732155,0.047432564,1.972316742,1.120401621,1.1944381,0.79229486,0.534852326,0.068181619,0.000829569,6.123700142
Kuwait,Middle East and North Africa,2019,48,6.102077856,11.08982468,0.846475244,0.872366488,0.760849059,-0.100184701,1.840167999,6.206563473,5.997636318,0.053297732,1.972316742,1.424833655,1.244779825,0.776468933,0.570261419,0.132751092,0.112814933,6.102099895
Mauritius,Sub-Saharan Africa,2019,49,6.101261654,9.956786156,0.910357833,0.889534533,0.805343091,-0.018318573,2.006720543,6.213463783,5.989135742,0.057226494,1.972316742,1.07366395,1.395666838,0.763389409,0.590838134,0.186894551,0.084088229,6.101299763
Kazakhstan,Commonwealth of Independent States,2019,50,6.057863124,10.11465836,0.934744895,0.811601937,0.764490843,-0.068488635,2.021602631,6.1426301,5.973169804,0.043229785,1.972316742,1.122594237,1.453267694,0.698788941,0.497432142,0.153713793,0.110463686,6.057899952
Estonia,Central and Eastern Europe,2019,51,6.021785244,10.34001732,0.934729993,0.87770915,0.623073816,-0.111697771,1.629928112,6.092330933,5.95126915,0.035985194,1.972316742,1.192441225,1.453232527,0.842615008,0.576664805,0.125136748,0.201766819,6.021800041
Philippines,Southeast Asia,2019,52,6.005994857,8.993545532,0.846730053,0.915463448,0.733634114,-0.105463006,2.501741886,6.103722572,5.908277512,0.049858402,1.972316742,0.775120676,1.245381713,0.602189481,0.621915162,0.129260212,0.130385727,6.006000042
Hungary,Central and Eastern Europe,2019,53,6.000397318,10.24924374,0.921934128,0.718964577,0.892916501,-0.194323018,2.121845722,6.077767372,5.923032761,0.039473221,1.972316742,1.164307117,1.423009396,0.806793869,0.386401802,0.070491239,0.027548173,6.000400066
Thailand,Southeast Asia,2019,54,5.998785447,9.741791725,0.889973223,0.905063033,0.886272311,0.268685192,1.832384109,6.082288742,5.91531086,0.042596295,1.972316742,1.007029295,1.347519517,0.793855846,0.609449804,0.376709014,0.031837862,5.998799801
Argentina,Latin America and Caribbean,2019,55,5.974679902,9.810955048,0.900567949,0.831132412,0.842009842,-0.194913864,2.072540998,6.079445839,5.869954109,0.053441759,1.972316742,1.028465629,1.372543693,0.849773705,0.520840347,0.070100471,0.060415059,5.974699974
Honduras,Latin America and Caribbean,2019,56,5.953196436,8.424534798,0.821870148,0.870603263,0.801131904,0.086969115,2.464295387,6.082033634,5.824366093,0.065731592,1.972316742,0.598763585,1.186664104,0.791989982,0.568148077,0.256528199,0.086807102,5.953199863
Latvia,Central and Eastern Europe,2019,57,5.949977993,10.17531967,0.918288589,0.671237648,0.795580089,-0.186888844,2.121283054,6.018282413,5.881717205,0.034838136,1.972316742,1.14139545,1.414398789,0.777902424,0.329198807,0.075407945,0.090391524,5.949999809
Ecuador,Latin America and Caribbean,2019,58,5.925177202,9.246058464,0.836418986,0.859828949,0.801215112,-0.127014965,2.254933834,6.028846264,5.821553707,0.052880634,1.972316742,0.853383601,1.221027613,0.838837743,0.555234551,0.115006477,0.086753383,5.925199986
Portugal,Western Europe,2019,59,5.910870771,10.26374245,0.886590719,0.888747811,0.892629504,-0.220714301,1.752558708,6.015089989,5.806710243,0.053158198,1.972316742,1.168800831,1.339530349,0.979315281,0.589895189,0.053036947,0.027733466,5.910900116
Jamaica,Latin America and Caribbean,2019,60,5.889759095,9.006250381,0.915701866,0.858068526,0.888890028,-0.125106767,2.214436531,6.126157284,5.65344286,0.120590433,1.972316742,0.779058397,1.408289194,0.788434088,0.553124607,0.116268493,0.030147785,5.889800072
South Korea,East Asia,2019,61,5.872417361,10.51056671,0.799387157,0.612965107,0.789067447,-0.043404032,1.946757078,5.958806515,5.785993099,0.044085015,1.972316742,1.245300651,1.133560538,1.022542596,0.25935635,0.170303866,0.094596282,5.872399807
Japan,East Asia,2019,62,5.870761768,10.57968903,0.883545935,0.809961379,0.654558063,-0.246910349,1.486200333,5.951927662,5.789672375,0.041391667,1.972316742,1.26672411,1.332338691,1.072881341,0.495465875,0.03571178,0.181439638,5.870800018
Peru,Latin America and Caribbean,2019,63,5.796753408,9.456313133,0.831075251,0.824766099,0.893714964,-0.16238822,2.213499546,5.916970253,5.67663002,0.061311204,1.972316742,0.91854918,1.208405972,0.824444175,0.513210058,0.091611817,0.02703266,5.796800137
Serbia,Central and Eastern Europe,2019,64,5.778232641,9.680980682,0.881475747,0.726495862,0.843509018,-0.073676221,2.029040098,5.877596378,5.678803921,0.050712325,1.972316742,0.988181829,1.327448964,0.828403294,0.395428419,0.15028289,0.059447147,5.77820015
Bolivia,Latin America and Caribbean,2019,65,5.747483365,8.851115227,0.803108692,0.875873327,0.822606206,-0.09168113,2.425928593,5.846765041,5.648234844,0.050645422,1.972316742,0.730976343,1.142350554,0.662445664,0.5744645,0.138375074,0.072942637,5.747499943
Pakistan,South Asia,2019,66,5.693307951,8.482727051,0.689062297,0.734833717,0.745705426,0.04489987,2.976876736,5.78780365,5.598795891,0.048216224,1.972316742,0.616799474,0.872979581,0.469933242,0.405421734,0.228705063,0.122592121,5.69329977
Paraguay,Latin America and Caribbean,2019,67,5.692069991,9.389982224,0.898727894,0.885923445,0.834788501,0.007997713,1.83412528,5.793937683,5.590262413,0.051957864,1.972316742,0.897990823,1.36819756,0.735869646,0.586510062,0.204299241,0.065077379,5.692100048
Dominican Republic,Latin America and Caribbean,2019,68,5.689245664,9.664880753,0.882085383,0.866202772,0.755999923,-0.131263286,1.844246864,5.826069355,5.552330494,0.069831297,1.972316742,0.983191848,1.328888893,0.741901696,0.5628739,0.112196781,0.115945682,5.689199924
Bosnia and Herzegovina,Central and Eastern Europe,2019,69,5.674095695,9.455817223,0.829204142,0.651352704,0.933769107,0.098274559,2.16724205,5.765016556,5.583183289,0.046385963,1.972316742,0.91839546,1.203986526,0.813928187,0.305365741,0.264005244,0.001172487,5.674099922
Moldova,Commonwealth of Independent States,2019,70,5.607496205,8.776714325,0.843313575,0.721609175,0.913314283,-0.037741039,2.370968342,5.690360069,5.524640083,0.042275578,1.972316742,0.707916796,1.237312198,0.713299453,0.389571488,0.174049184,0.014378744,5.607500076
Tajikistan,Commonwealth of Independent States,2019,71,5.555693686,8.024810791,0.835297108,0.831383407,0.592076063,-0.025088511,2.25650835,5.619050026,5.492349625,0.032321576,1.972316742,0.474874616,1.218377709,0.680594802,0.521141171,0.182417125,0.221779913,5.555699825
Montenegro,Central and Eastern Europe,2019,72,5.546072043,9.751860619,0.855314612,0.649565637,0.783121586,-0.075600356,1.880565882,5.642112255,5.450088024,0.04898582,1.972316742,1.010150075,1.265657902,0.839028895,0.303223848,0.14901033,0.098435111,5.54610014
Russia,Commonwealth of Independent States,2019,73,5.546047252,10.12887192,0.903150737,0.729892612,0.864802599,-0.151153743,1.815716743,5.623634815,5.468365192,0.039609671,1.972316742,1.126999617,1.378644109,0.68044591,0.399499595,0.099041916,0.045699362,5.546000004
Kyrgyzstan,Commonwealth of Independent States,2019,74,5.541525379,8.148405075,0.887228489,0.909374893,0.888396084,0.154772058,2.060206652,5.627108097,5.455892086,0.043677468,1.972316742,0.513180971,1.341036677,0.680645883,0.614617765,0.30137074,0.030466691,5.541500092
Belarus,Commonwealth of Independent States,2019,75,5.539869852,9.779945374,0.90674746,0.639163077,0.63571167,-0.164926544,1.8069911,5.612537384,5.467262268,0.037060037,1.972316742,1.018854499,1.38713932,0.75258857,0.290755868,0.08993306,0.193607435,5.539899826
North Cyprus,Western Europe,2019,76,5.535549506,10.40570259,0.820356607,0.79529351,0.62611568,0.000227159,1.23668766,5.635532856,5.435467243,0.051037241,1.972316742,1.21279943,1.183089137,1.026124597,0.477885723,0.199160054,0.199802905,5.53550005
Greece,Western Europe,2019,77,5.515015214,10.13232613,0.814380348,0.541345119,0.859931409,-0.300907373,2.016179085,5.606986046,5.423013687,0.046931833,1.972316742,1.128070116,1.168973565,0.979431748,0.173516348,0,0.048844352,5.514999866
Hong Kong S.A.R. of China,East Asia,2019,78,5.510376959,10.9346714,0.845969081,0.779833794,0.420607209,0.134979904,0.673293114,5.600596905,5.420202732,0.046019029,1.972316742,1.376746058,1.243584275,1.136630654,0.459356517,0.288280904,0.332485437,5.510399818
Croatia,Central and Eastern Europe,2019,79,5.504674809,10.07087517,0.874623716,0.714838803,0.916495264,-0.128538325,1.676029205,5.578756332,5.430644035,0.037783645,1.972316742,1.109024286,1.311264873,0.900575578,0.381456882,0.113998979,0.012325006,5.504700184
Libya,Middle East and North Africa,2019,80,5.488757089,9.789815903,0.825942934,0.773157001,0.668779135,-0.085054487,1.888563156,5.607727528,5.36987257,0.060677204,1.972316742,1.021913767,1.196283698,0.615626633,0.451354057,0.142757699,0.172258079,5.488800049
Mongolia,East Asia,2019,81,5.456241089,9.412186623,0.937142491,0.693351328,0.863511205,0.098093867,1.810527563,5.535213947,5.377186298,0.040313236,1.972316742,0.904872775,1.458930612,0.615788162,0.355703115,0.263885736,0.046533126,5.456200123
Malaysia,Southeast Asia,2019,82,5.384347428,10.26251888,0.816509426,0.894626856,0.839302301,0.114726797,1.319420815,5.479953289,5.288647175,0.048802696,1.972316742,1.168421626,1.17400229,0.788511872,0.596941531,0.274886161,0.062163133,5.384300232
Vietnam,Southeast Asia,2019,83,5.353451834,8.809545517,0.849987149,0.939592957,0.79642123,-0.094533332,1.685977936,5.41974926,5.287250519,0.033800762,1.972316742,0.718092382,1.253074765,0.819133997,0.650835574,0.136488721,0.089848459,5.353499889
Indonesia,Southeast Asia,2019,84,5.285618696,9.36975193,0.808379889,0.870614409,0.876296401,0.519586504,1.479573488,5.379077435,5.192122936,0.047692381,1.972316742,0.891720712,1.154800892,0.610437036,0.568161428,0.542646527,0.038278613,5.285600185
Ivory Coast,Sub-Saharan Africa,2019,85,5.233320602,8.225561142,0.658048689,0.727909327,0.790771961,-0.043991156,3.081022501,5.376567364,5.090033054,0.073095515,1.972316742,0.537094414,0.799727261,0.154942513,0.397122532,0.169915587,0.093495794,5.233300209
Benin,Sub-Saharan Africa,2019,86,5.215988011,7.674319744,0.468671143,0.735182583,0.740532577,-0.003537213,3.440809727,5.368408203,5.063591957,0.077759244,1.972316742,0.366244704,0.352428436,0.328062952,0.40583989,0.196670428,0.125931874,5.21600008
Maldives,South Asia,2019,87,5.19757463,9.518632889,0.91316092,0.853962779,0.824211061,0.038085498,1.098674774,5.338691235,5.056508541,0.071985401,1.972316742,0.937864304,1.402287602,0.914439559,0.548203647,0.224198252,0.071906492,5.197599888
Congo (Brazzaville),Sub-Saharan Africa,2019,88,5.194374606,8.536987305,0.640228093,0.719058514,0.751779079,-0.123674095,2.722619534,5.345376492,5.043423176,0.077028967,1.972316742,0.633616745,0.757636011,0.458101124,0.386514395,0.117216013,0.118670784,5.194399834
Azerbaijan,Commonwealth of Independent States,2019,89,5.164807889,9.687726974,0.819308281,0.786824107,0.55253756,-0.240255281,1.507632971,5.231826782,5.097773552,0.034197241,1.972316742,0.990272701,1.180613041,0.731134057,0.467734724,0.040113214,0.247307181,5.164800167
Macedonia,Central and Eastern Europe,2019,90,5.159817807,9.510591507,0.820392311,0.738840938,0.897490501,-0.019877451,1.617594957,5.251452446,5.068147659,0.046761535,1.972316742,0.935371995,1.183173537,0.802994132,0.410224587,0.18586354,0.024595059,5.159800053
Ghana,Sub-Saharan Africa,2019,91,5.147981614,8.350645065,0.728601098,0.794796526,0.847964764,0.094170853,2.378437281,5.262923717,5.033075809,0.058634609,1.972316742,0.575862467,0.96636796,0.432162255,0.477290064,0.261291206,0.056570381,5.147999763
Nepal,South Asia,2019,92,5.137188987,7.925357342,0.785512447,0.797565043,0.738099158,0.154168829,2.014386892,5.250276566,5.024123192,0.057692084,1.972316742,0.444050372,1.100789309,0.66887939,0.480608255,0.300971806,0.127502963,5.137199879
Turkey,Middle East and North Africa,2019,93,5.131750001,10.12941933,0.826313555,0.608830452,0.748197377,-0.171046436,1.564816713,5.20988369,5.05371666,0.039838459,1.972316742,1.127169251,1.197159171,0.781335294,0.25440076,0.085885569,0.120983243,5.131800175
China,East Asia,2019,94,5.123926215,9.688568115,0.798760593,0.898517907,0.7539711,-0.18142575,1.336181879,5.174667358,5.073132515,0.025901664,1.972316742,0.990533412,1.132080674,0.867248535,0.601605117,0.079021044,0.117255554,5.123899937
Turkmenistan,Commonwealth of Independent States,2019,95,5.119095833,9.74803257,0.958966196,0.826457024,0.883691847,0.187671542,1.115337372,5.17668438,5.061515808,0.029379817,1.972316742,1.008963585,1.510476947,0.612448037,0.515236676,0.323129326,0.03350389,5.119100094
Bulgaria,Central and Eastern Europe,2019,96,5.101525731,9.869318962,0.937840343,0.745178163,0.935585141,-0.143908441,1.294961452,5.188173294,5.014826775,0.04422117,1.972316742,1.046554685,1.460578918,0.777776897,0.417820066,0.103833713,0,5.101500034
Morocco,Middle East and North Africa,2019,97,5.094802276,8.940313339,0.592628479,0.772072434,0.815724611,-0.240377247,2.378402472,5.203875065,4.985724926,0.05565045,1.972316742,0.75862211,0.645208478,0.745096922,0.450054139,0.040032551,0.077385604,5.094799995
Cameroon,Sub-Saharan Africa,2019,98,5.084900896,8.118647575,0.700386405,0.763051808,0.851336598,-0.00149645,2.719370842,5.216800213,4.952999592,0.067296073,1.972316742,0.503958046,0.89972645,0.270189553,0.439242482,0.198020101,0.054393422,5.084899902
Venezuela,Latin America and Caribbean,2019,99,5.053173043,8.977793694,0.890408158,0.62327832,0.837038398,-0.169090509,1.74484086,5.179189682,4.927209854,0.06428051,1.972316742,0.770238638,1.348546863,0.76702553,0.271717221,0.087179154,0.063624777,5.053199768
Algeria,Middle East and North Africa,2019,100,5.005139329,9.537964821,0.803385139,0.466610909,0.735485137,-0.121105164,1.840811729,5.09180212,4.918397427,0.044236008,1.972316742,0.943856001,1.143003583,0.745418549,0.083943799,0.118915014,0.129190654,5.005099773
Senegal,Sub-Saharan Africa,2019,101,4.980835065,8.118982315,0.723616004,0.690596163,0.808785141,-0.052335154,2.405123949,5.084227562,4.877372742,0.05276908,1.972316742,0.504061818,0.95459342,0.518391907,0.352400899,0.164397135,0.081865937,4.980800152
Guinea,Sub-Saharan Africa,2019,102,4.9493322,7.750990391,0.637573481,0.706846774,0.761794448,0.076328471,2.740729809,5.09246254,4.806137085,0.073042229,1.972316742,0.390007734,0.75136596,0.333655238,0.371878058,0.249490842,0.112204559,4.949299812
Niger,Sub-Saharan Africa,2019,103,4.90962068,6.842166901,0.617435038,0.759772122,0.722530186,0.013860817,3.017630577,5.060927868,4.758271694,0.077208281,1.972316742,0.108330332,0.703800142,0.298816353,0.435311615,0.208176896,0.137554765,4.909599781
Laos,Southeast Asia,2019,104,4.888585015,8.79858017,0.737502217,0.907213569,0.634679317,0.11137148,1.621152639,4.967526436,4.809673309,0.040268615,1.972316742,0.714693844,0.987391889,0.486378282,0.612027287,0.27266711,0.194273964,4.888599873
Albania,Central and Eastern Europe,2019,105,4.882698566,9.417930603,0.671070457,0.781994224,0.896303713,-0.042309489,1.640897036,4.992686749,4.772713184,0.056115732,1.972316742,0.906653047,0.830483913,0.846329629,0.461945891,0.171027765,0.025361285,4.882699966
Cambodia,Southeast Asia,2019,106,4.848385274,8.249890327,0.773080647,0.959704638,0.822769046,0.051911179,1.663300037,4.962093353,4.734706879,0.058006871,1.972316742,0.544634938,1.071426034,0.587904334,0.674940348,0.233342081,0.072837502,4.848400116
Bangladesh,South Asia,2019,107,4.832770855,8.287063599,0.687292993,0.90062499,0.661843538,-0.033664726,1.755261898,4.911443233,4.75415659,0.040124193,1.972316742,0.556156278,0.868800581,0.694940507,0.604130566,0.176745117,0.176735908,4.832799911
Gabon,Sub-Saharan Africa,2019,108,4.829322323,9.680537224,0.787886858,0.704829216,0.849150956,-0.222261623,1.735027552,4.947425842,4.711174011,0.060268242,1.972316742,0.988044381,1.10639751,0.522574842,0.369459897,0.052013602,0.055804539,4.829299927
South Africa,Sub-Saharan Africa,2019,109,4.814068869,9.403370857,0.852532268,0.759330094,0.843423843,-0.109777324,1.625117302,4.931746006,4.696453571,0.060023591,1.972316742,0.902140439,1.259086251,0.407034069,0.43478182,0.126406848,0.05950214,4.814099789
Iraq,Middle East and North Africa,2019,110,4.784764803,9.661095619,0.747694969,0.633182645,0.82226181,-0.06956476,1.752173662,4.937272072,4.632328033,0.077791877,1.972316742,0.982018709,1.011466622,0.529350698,0.283588052,0.153002068,0.073164992,4.784800053
Lebanon,Middle East and North Africa,2019,111,4.77149818,9.3617239,0.824338138,0.551357508,0.90225625,-0.06121527,1.53554225,4.857257843,4.685742378,0.043753985,1.972316742,0.889232516,1.19249332,0.788671136,0.18551667,0.158524141,0.021518147,4.771500111
Burkina Faso,Sub-Saharan Africa,2019,112,4.768710657,7.46854496,0.712943614,0.665563583,0.739795029,-0.019080516,2.588826418,4.890351772,4.647048473,0.062067267,1.972316742,0.302467644,0.9293859,0.312833875,0.322398156,0.186390609,0.126408055,4.768700123
Gambia,Sub-Saharan Africa,2019,113,4.750636592,7.321814537,0.6931687,0.733163178,0.690717816,0.343198717,2.270216465,4.882240772,4.61895895,0.067163654,1.972316742,0.256990552,0.882678688,0.353247881,0.403419524,0.425989687,0.158093795,4.750599861
Mali,Sub-Saharan Africa,2019,114,4.729268908,7.629852295,0.731468976,0.71156615,0.839328408,-0.044366926,2.559335232,4.855451107,4.603148937,0.064362764,1.972316742,0.352462649,0.97314173,0.234981522,0.377534449,0.16966705,0.062146276,4.729300022
Nigeria,Sub-Saharan Africa,2019,115,4.724088735,8.57662487,0.73721689,0.759578407,0.861874342,0.033745807,2.219635487,4.826248169,4.621952057,0.05211626,1.972316742,0.645901859,0.986717939,0.167835936,0.435079455,0.221328124,0.047589935,4.724100113
Armenia,Commonwealth of Independent States,2019,116,4.676777884,9.100476265,0.757479429,0.712017834,0.773544788,-0.13877961,1.468161583,4.791646481,4.561953068,0.058595356,1.972316742,0.808262408,1.034576893,0.77585727,0.378075808,0.107225738,0.104618184,4.676799774
Georgia,Commonwealth of Independent States,2019,117,4.672639821,9.226100922,0.629033029,0.801641524,0.665944695,-0.22892037,1.69239831,4.757698059,4.587501526,0.043417413,1.972316742,0.847198069,0.7311939,0.694657624,0.485494107,0.047609735,0.174088076,4.672599792
Iran,Middle East and North Africa,2019,118,4.672442868,9.813719749,0.694689691,0.647873282,0.714635968,0.117891103,1.286969423,4.78192091,4.562879086,0.055878021,1.972316742,1.029322505,0.886271179,0.749053836,0.301195472,0.27697894,0.142651513,4.672399998
Jordan,Middle East and North Africa,2019,119,4.633409053,9.025999069,0.80216372,0.75104779,0.700344324,-0.162565202,1.262258053,4.748552322,4.518247604,0.058751218,1.972316742,0.785179198,1.140118599,0.777624726,0.424855083,0.091494769,0.151878625,4.633399963
Mozambique,Sub-Saharan Africa,2019,120,4.623645844,7.069345951,0.723874032,0.864451885,0.683019102,0.032375868,2.221216202,4.778996944,4.468203068,0.079284087,1.972316742,0.178741366,0.955202878,0.324223638,0.56077534,0.220422104,0.163064316,4.623600006
Kenya,Sub-Saharan Africa,2019,121,4.582992195,8.02977562,0.702652037,0.829747558,0.831499159,0.294681519,1.684904575,4.715898037,4.450102329,0.067804985,1.972316742,0.476413399,0.905077755,0.536312759,0.519180536,0.393902093,0.067201078,4.583000183
Namibia,Sub-Saharan Africa,2019,122,4.571098269,9.203141212,0.846880972,0.767520964,0.851449788,-0.18530646,1.503033161,4.690628052,4.451572418,0.060983475,1.972316742,0.84008199,1.245738149,0.40687117,0.444598973,0.076454483,0.054320343,4.571100235
Ukraine,Commonwealth of Independent States,2019,123,4.560720985,9.010690689,0.878879368,0.663081884,0.920636714,-0.030933706,1.252669334,4.658080578,4.463319302,0.049683895,1.972316742,0.780434608,1.321316481,0.698674381,0.319423705,0.178551316,0.00965116,4.56069994
Liberia,Sub-Saharan Africa,2019,124,4.557929904,7.054380417,0.70928055,0.735268712,0.856375933,0.04227322,2.386757851,4.71853447,4.397265434,0.081956357,1.972316742,0.174103007,0.920733929,0.392284274,0.405943096,0.226967871,0.051139876,4.557899952
Palestinian Territories,Middle East and North Africa,2019,125,4.55281771,8.389223099,0.825295925,0.645791829,0.824199975,-0.162079096,1.693985701,4.662314892,4.443285465,0.055874817,1.972316742,0.587819219,1.194755554,0.613826573,0.29870075,0.091816261,0.071913652,4.552800179
Uganda,Sub-Saharan Africa,2019,126,4.43195635,7.500389576,0.764994621,0.731713951,0.836737812,0.099487431,1.958671093,4.566251278,4.297749043,0.068495452,1.972316742,0.312337428,1.052327394,0.378311664,0.401682556,0.264807373,0.063818842,4.43200016
Chad,Sub-Saharan Africa,2019,127,4.422738642,7.467963696,0.632388055,0.587305248,0.802760839,0.017834719,2.74742651,4.570153236,4.27524662,0.075231321,1.972316742,0.302287489,0.739118278,0.1087441,0.228601769,0.210805088,0.085755408,4.422699928
Tunisia,Middle East and North Africa,2019,128,4.392205126,9.314972878,0.688718557,0.593361557,0.867590249,-0.216413811,1.528496742,4.489554405,4.294845581,0.049670532,1.972316742,0.874742687,0.872167706,0.781156719,0.235860556,0.055881143,0.043899573,4.392199993
Mauritania,Sub-Saharan Africa,2019,129,4.374622449,8.233919144,0.790819228,0.551522553,0.746223509,-0.106008142,1.85955739,4.482583046,4.266616821,0.055093341,1.972316742,0.539684892,1.113323569,0.425184816,0.185714483,0.128899664,0.122257635,4.374599934
Sri Lanka,South Asia,2019,130,4.32699547,9.389969826,0.825374067,0.837633669,0.859001756,0.081129618,0.611288548,4.431047916,4.222952366,0.053085525,1.972316742,0.897986948,1.19494009,0.792036712,0.528632462,0.252666146,0.049444564,4.327000141
Congo (Kinshasa),Sub-Saharan Africa,2019,131,4.311033353,6.694256306,0.672159016,0.700793564,0.809403598,0.083637655,2.437864304,4.524636269,4.097363472,0.108998232,1.972316742,0.062487468,0.833055019,0.277212054,0.36462298,0.254324883,0.081466645,4.31099987
Swaziland,Sub-Saharan Africa,2019,132,4.308134549,9.16267395,0.770290196,0.646822274,0.708263338,-0.19920142,1.686207294,4.448145866,4.168054581,0.07145194,1.972316742,0.827539742,1.064835191,0.215585828,0.299935788,0.067264833,0.146765873,4.308100224
Myanmar,Southeast Asia,2019,133,4.307997748,8.680481911,0.78440702,0.895075202,0.645124316,0.560663998,0.681462526,4.392180443,4.223819733,0.042949215,1.972316742,0.67809093,1.098178267,0.495443076,0.597478867,0.569813728,0.187530354,4.308000088
Comoros,Sub-Saharan Africa,2019,134,4.288621017,7.833630085,0.625662446,0.547612607,0.780622602,0.090008408,2.17276907,4.453906536,4.1232934,0.084340192,1.972316742,0.415620774,0.723232806,0.437383324,0.181028232,0.258538276,0.100048535,4.288599968
Togo,Sub-Saharan Africa,2019,135,4.1872053,7.357711315,0.551312625,0.649828613,0.757733464,0.002667875,2.409595251,4.309713364,4.064686775,0.062506773,1.972316742,0.268116266,0.547622859,0.342731178,0.303539038,0.200774252,0.114826456,4.187200069
Ethiopia,Sub-Saharan Africa,2019,136,4.186236396,7.509385586,0.743307352,0.740795195,0.753690004,0.043377332,1.628459215,4.262473583,4.109926701,0.038915094,1.972316742,0.315125644,1.001103282,0.483846247,0.41256687,0.227698103,0.117437035,4.186200142
Madagascar,Sub-Saharan Africa,2019,137,4.165569252,7.281685829,0.668195903,0.557574093,0.817485631,-0.011823639,2.136298418,4.278382301,4.052817345,0.057542104,1.972316742,0.244553208,0.823694348,0.500617027,0.192967549,0.191190064,0.076248638,4.165599823
Egypt,Middle East and North Africa,2019,138,4.151445813,9.316541672,0.735447824,0.708354175,0.787726879,-0.196878314,1.158818245,4.221919537,4.080880642,0.035979424,1.972316742,0.875228941,0.982539535,0.596911311,0.373684734,0.068801254,0.095461793,4.151400089
Sierra Leone,Sub-Saharan Africa,2019,139,3.926386726,7.26880312,0.636142015,0.715315044,0.861330688,0.088660747,2.046271801,4.046255589,3.806544304,0.061150789,1.972316742,0.240560383,0.747984946,0.203953966,0.382027686,0.257647008,0.047940936,3.926399946
Burundi,Sub-Saharan Africa,2019,140,3.775283157,6.492642403,0.490325719,0.626350224,0.606934547,-0.017551597,2.401507378,3.98526001,3.565340042,0.107122384,1.972316742,0,0.403575271,0.295212835,0.275399059,0.187401786,0.212186828,3.775300026
Zambia,Sub-Saharan Africa,2019,141,3.759447397,8.224720001,0.698824465,0.806500256,0.801289678,0.078037128,1.134339333,3.878326178,3.640473604,0.06067669,1.972316742,0.536833763,0.896037281,0.36359334,0.49131754,0.250620902,0.086705238,3.759399891
Haiti,Latin America and Caribbean,2019,142,3.720832273,7.411329269,0.593247831,0.537825167,0.684767246,0.40053457,1.619916916,3.919667482,3.521932364,0.101463005,1.972316742,0.284734428,0.646671355,0.37436673,0.169297516,0.463909656,0.161935672,3.720799923
Lesotho,Sub-Saharan Africa,2019,143,3.652806536,7.960488319,0.780495703,0.738125861,0.857392073,-0.145732045,1.445513964,3.813757181,3.491842985,0.082120985,1.972316742,0.45493874,1.088940024,0.100934811,0.409367532,0.102627642,0.050483823,3.652800083
India,South Asia,2019,144,3.573278525,8.849823952,0.592200935,0.881444871,0.772042692,0.057551607,0.734130859,3.627596378,3.519003391,0.027702235,1.972316742,0.730576158,0.644198656,0.54057014,0.581142247,0.237072483,0.105587982,3.573299885
Malawi,Sub-Saharan Africa,2019,145,3.537993238,7.062226295,0.544007301,0.803223193,0.731700778,0.021433279,1.552718282,3.675710678,3.400289536,0.070260517,1.972316742,0.176534727,0.53036809,0.446163297,0.487389833,0.213185057,0.131633952,3.538000107
Yemen,Middle East and North Africa,2019,146,3.527414411,7.759682655,0.817980587,0.599920273,0.800287724,-0.157735437,1.116472721,3.633549929,3.421250105,0.054158084,1.972316742,0.392701775,1.177477121,0.41500017,0.243721485,0.094689012,0.087352127,3.527400017
Botswana,Sub-Saharan Africa,2019,147,3.478869319,9.711203575,0.779121757,0.821328104,0.777930915,-0.250394493,0.257240534,3.597563744,3.360236168,0.060542691,1.972316742,0.997548997,1.08569479,0.494101733,0.50908941,0.033407487,0.101786368,3.478899956
Tanzania,Sub-Saharan Africa,2019,148,3.476243868,7.967665195,0.688933194,0.82153976,0.619799435,0.109668687,0.718963385,3.600091219,3.352308989,0.06320975,1.972316742,0.457163125,0.872674644,0.442677855,0.509343088,0.27154091,0.203880861,3.476200104
Central African Republic,Sub-Saharan Africa,2019,149,3.475862024,6.625160217,0.319459856,0.640880644,0.891806662,0.082410358,2.860197544,3.701658487,3.250141382,0.115182951,1.972316742,0.041072082,0,0,0.292814463,0.253513217,0.028264718,3.475899935
Rwanda,Sub-Saharan Africa,2019,150,3.312282621,7.600104332,0.54083544,0.900589406,0.183541179,0.055483952,0.548444986,3.415053368,3.209546566,0.052425209,1.972316742,0.343242675,0.522876322,0.572383285,0.604087889,0.235704988,0.485542476,3.312299967
Zimbabwe,Sub-Saharan Africa,2019,151,3.299150424,7.865711689,0.763092756,0.711457908,0.81023699,-0.072063953,0.841031075,3.414201975,3.184198141,0.058674462,1.972316742,0.425564021,1.047835231,0.375037611,0.37740472,0.151349187,0.080928579,3.299200058
South Sudan,Sub-Saharan Africa,2019,152,2.816622451,7.425359726,0.553707123,0.451313615,0.763417304,0.016518548,1.378751278,3.027516365,2.605683804,0.107610404,1.972316742,0.289082974,0.553278506,0.208809033,0.065609254,0.209934607,0.111156799,2.816600084
Afghanistan,South Asia,2019,153,2.566887365,7.462860584,0.470366955,0.396573007,0.933686554,-0.0964294,1.507235646,2.628270388,2.505529642,0.031311426,1.972316742,0.30070585,0.356433839,0.266051531,0,0.135234714,0.001225785,2.566900015
Finland,Western Europe,2020,1,7.842,10.775,0.954,0.949,0.186,-0.098,3.253,7.904,7.78,0.032,2.43,1.446,1.106,0.741,0.691,0.124,0.481,7.842
Denmark,Western Europe,2020,2,7.62,10.933,0.954,0.946,0.179,0.03,2.868,7.687,7.552,0.035,2.43,1.502,1.108,0.763,0.686,0.208,0.485,7.62
Switzerland,Western Europe,2020,3,7.57,11.117,0.942,0.919,0.292,0.025,2.839,7.643,7.5,0.036,2.43,1.566,1.079,0.816,0.653,0.204,0.413,7.571
Iceland,Western Europe,2020,4,7.554,10.878,0.983,0.955,0.673,0.16,2.967,7.67,7.438,0.059,2.43,1.482,1.172,0.772,0.698,0.293,0.17,7.554
Netherlands,Western Europe,2020,5,7.464,10.932,0.942,0.913,0.338,0.175,2.798,7.518,7.41,0.027,2.43,1.501,1.079,0.753,0.647,0.302,0.384,7.464
Norway,Western Europe,2020,6,7.392,11.053,0.954,0.96,0.27,0.093,2.58,7.462,7.323,0.035,2.43,1.543,1.108,0.782,0.703,0.249,0.427,7.392
Sweden,Western Europe,2020,7,7.363,10.867,0.934,0.945,0.237,0.086,2.683,7.433,7.293,0.036,2.43,1.478,1.062,0.763,0.685,0.244,0.448,7.363
Luxembourg,Western Europe,2020,8,7.325,11.647,0.908,0.907,0.386,-0.034,2.653,7.396,7.252,0.037,2.43,1.751,1.003,0.76,0.639,0.166,0.353,7.324
New Zealand,North America and ANZ,2020,9,7.277,10.643,0.948,0.929,0.242,0.134,2.612,7.355,7.198,0.04,2.43,1.4,1.094,0.785,0.665,0.276,0.445,7.277
Austria,Western Europe,2020,10,7.267,10.906,0.934,0.908,0.481,0.042,2.784,7.337,7.198,0.036,2.43,1.492,1.062,0.782,0.64,0.215,0.292,7.268
Australia,North America and ANZ,2020,11,7.183,10.796,0.94,0.914,0.442,0.159,2.598,7.265,7.102,0.041,2.43,1.453,1.076,0.801,0.647,0.291,0.317,7.183
Israel,Middle East and North Africa,2020,12,7.157,10.575,0.939,0.8,0.753,0.031,3.083,7.224,7.09,0.034,2.43,1.376,1.074,0.788,0.509,0.208,0.119,7.157
Germany,Western Europe,2020,13,7.155,10.873,0.903,0.875,0.46,0.011,2.824,7.232,7.077,0.04,2.43,1.48,0.993,0.757,0.6,0.195,0.306,7.155
Canada,North America and ANZ,2020,14,7.103,10.776,0.926,0.915,0.415,0.089,2.585,7.185,7.021,0.042,2.43,1.447,1.044,0.798,0.648,0.246,0.335,7.103
Ireland,Western Europe,2020,15,7.084,11.342,0.947,0.879,0.363,0.077,2.384,7.164,7.006,0.04,2.43,1.644,1.092,0.753,0.606,0.238,0.367,7.085
Costa Rica,Latin America and Caribbean,2020,16,7.07,9.88,0.891,0.934,0.809,-0.126,3.387,7.179,6.96,0.056,2.43,1.134,0.966,0.722,0.673,0.105,0.083,7.069
United Kingdom,Western Europe,2020,17,7.064,10.707,0.934,0.859,0.459,0.233,2.596,7.138,6.99,0.038,2.43,1.423,1.062,0.757,0.58,0.34,0.306,7.064
Czech Republic,Central and Eastern Europe,2020,18,6.965,10.556,0.947,0.858,0.868,-0.208,3.124,7.062,6.868,0.049,2.43,1.37,1.09,0.703,0.58,0.052,0.046,6.965
United States,North America and ANZ,2020,19,6.951,11.023,0.92,0.837,0.698,0.098,2.807,7.047,6.856,0.049,2.43,1.533,1.03,0.621,0.554,0.252,0.154,6.951
Belgium,Western Europe,2020,20,6.834,10.823,0.906,0.783,0.646,-0.153,2.862,6.901,6.767,0.034,2.43,1.463,0.998,0.747,0.489,0.088,0.187,6.834
France,Western Europe,2020,21,6.69,10.704,0.942,0.822,0.571,-0.147,2.521,6.762,6.618,0.037,2.43,1.421,1.081,0.804,0.536,0.092,0.235,6.69
Bahrain,Middle East and North Africa,2020,22,6.647,10.669,0.862,0.925,0.722,0.089,2.631,6.779,6.514,0.068,2.43,1.409,0.899,0.662,0.661,0.246,0.139,6.647
Malta,Western Europe,2020,23,6.603,10.674,0.931,0.927,0.653,0.133,2.268,6.688,6.516,0.044,2.43,1.411,1.055,0.747,0.664,0.275,0.183,6.602
Taiwan Province of China,East Asia,2020,24,6.585,10.871,0.898,0.784,0.721,-0.07,2.687,6.659,6.51,0.038,2.43,1.48,0.982,0.665,0.49,0.142,0.139,6.584
United Arab Emirates,Middle East and North Africa,2020,25,6.56,11.085,0.844,0.932,0.589,0.074,2.422,6.637,6.484,0.039,2.43,1.555,0.86,0.594,0.67,0.236,0.223,6.561
Saudi Arabia,Middle East and North Africa,2020,26,6.494,10.743,0.891,0.877,0.684,-0.149,2.668,6.604,6.384,0.056,2.43,1.435,0.964,0.571,0.603,0.09,0.163,6.494
Spain,Western Europe,2020,27,6.492,10.571,0.932,0.761,0.745,-0.081,2.513,6.574,6.408,0.042,2.43,1.375,1.057,0.826,0.462,0.135,0.124,6.491
Italy,Western Europe,2020,28,6.484,10.623,0.88,0.693,0.866,-0.084,2.794,6.572,6.395,0.045,2.43,1.393,0.94,0.798,0.379,0.133,0.047,6.483
Slovenia,Central and Eastern Europe,2020,29,6.46,10.529,0.948,0.949,0.806,-0.101,2.388,6.546,6.376,0.043,2.43,1.36,1.093,0.722,0.69,0.122,0.085,6.461
Guatemala,Latin America and Caribbean,2020,30,6.435,9.053,0.813,0.906,0.775,-0.038,3.375,6.577,6.292,0.073,2.43,0.845,0.79,0.519,0.638,0.163,0.105,6.435
Uruguay,Latin America and Caribbean,2020,31,6.431,9.966,0.925,0.896,0.59,-0.092,2.6,6.521,6.341,0.046,2.43,1.164,1.042,0.649,0.625,0.128,0.223,6.431
Singapore,Southeast Asia,2020,32,6.377,11.488,0.915,0.927,0.082,-0.018,1.379,6.46,6.293,0.043,2.43,1.695,1.019,0.897,0.664,0.176,0.547,6.377
Kosovo,Central and Eastern Europe,2020,33,6.372,9.318,0.821,0.869,0.917,0.257,3.182,6.487,6.257,0.059,2.43,0.937,0.807,0.483,0.593,0.356,0.014,6.372
Slovakia,Central and Eastern Europe,2020,34,6.33,10.369,0.936,0.766,0.911,-0.124,2.714,6.411,6.251,0.041,2.43,1.304,1.066,0.653,0.468,0.107,0.018,6.331
Brazil,Latin America and Caribbean,2020,35,6.331,9.577,0.882,0.804,0.756,-0.071,3.015,6.415,6.245,0.043,2.43,1.028,0.944,0.571,0.514,0.142,0.117,6.33
Mexico,Latin America and Caribbean,2020,36,6.317,9.859,0.831,0.862,0.799,-0.147,2.961,6.42,6.213,0.053,2.43,1.126,0.83,0.634,0.585,0.092,0.089,6.317
Jamaica,Latin America and Caribbean,2020,37,6.309,9.186,0.877,0.89,0.884,-0.137,3.135,6.615,6.004,0.156,2.43,0.891,0.932,0.599,0.618,0.099,0.035,6.309
Lithuania,Central and Eastern Europe,2020,38,6.256,10.499,0.935,0.773,0.826,-0.203,2.624,6.344,6.167,0.045,2.43,1.35,1.065,0.612,0.476,0.056,0.073,6.255
Cyprus,Western Europe,2020,39,6.224,10.576,0.802,0.763,0.844,-0.015,2.578,6.319,6.128,0.049,2.43,1.377,0.765,0.801,0.464,0.178,0.061,6.223
Estonia,Central and Eastern Europe,2020,40,6.189,10.481,0.941,0.909,0.527,-0.106,2.103,6.263,6.115,0.038,2.43,1.344,1.079,0.64,0.641,0.119,0.263,6.189
Panama,Latin America and Caribbean,2020,41,6.178,10.35,0.896,0.872,0.856,-0.166,2.509,6.323,6.036,0.073,2.43,1.298,0.976,0.667,0.596,0.079,0.053,6.18
Uzbekistan,Commonwealth of Independent States,2020,42,6.179,8.836,0.918,0.97,0.515,0.311,2.477,6.312,6.045,0.068,2.43,0.769,1.027,0.528,0.716,0.391,0.271,6.179
Chile,Latin America and Caribbean,2020,43,6.173,10.071,0.882,0.742,0.83,-0.044,2.682,6.262,6.081,0.046,2.43,1.2,0.946,0.678,0.438,0.159,0.07,6.172
Poland,Central and Eastern Europe,2020,44,6.165,10.382,0.898,0.841,0.735,-0.165,2.438,6.245,6.087,0.04,2.43,1.309,0.982,0.668,0.558,0.08,0.13,6.166
Kazakhstan,Commonwealth of Independent States,2020,45,6.154,10.155,0.952,0.853,0.733,-0.069,2.446,6.243,6.06,0.047,2.43,1.23,1.103,0.527,0.573,0.143,0.132,6.152
Romania,Central and Eastern Europe,2020,46,6.142,10.284,0.832,0.845,0.938,-0.219,2.83,6.253,6.027,0.057,2.43,1.275,0.832,0.595,0.564,0.045,0.001,6.14
Kuwait,Middle East and North Africa,2020,47,6.107,10.817,0.843,0.867,0.736,-0.104,2.368,6.235,5.977,0.066,2.43,1.461,0.857,0.58,0.591,0.12,0.13,6.106
Serbia,Central and Eastern Europe,2020,48,6.078,9.787,0.873,0.778,0.835,0.002,2.682,6.181,5.974,0.053,2.43,1.101,0.924,0.634,0.482,0.189,0.066,6.078
El Salvador,Latin America and Caribbean,2020,49,6.061,9.054,0.762,0.888,0.688,-0.11,3.085,6.188,5.933,0.065,2.43,0.845,0.675,0.565,0.615,0.116,0.16,6.061
Mauritius,Sub-Saharan Africa,2020,50,6.049,10.008,0.905,0.867,0.789,-0.054,2.462,6.165,5.933,0.059,2.43,1.178,0.996,0.574,0.59,0.153,0.096,6.049
Latvia,Central and Eastern Europe,2020,51,6.031,10.315,0.927,0.715,0.8,-0.162,2.536,6.103,5.961,0.036,2.43,1.285,1.047,0.587,0.405,0.082,0.089,6.032
Colombia,Latin America and Caribbean,2020,52,6.013,9.557,0.847,0.837,0.841,-0.135,2.794,6.132,5.892,0.061,2.43,1.021,0.866,0.615,0.554,0.1,0.063,6.012
Hungary,Central and Eastern Europe,2020,53,5.992,10.358,0.943,0.755,0.876,-0.186,2.432,6.085,5.899,0.047,2.43,1.301,1.083,0.615,0.454,0.067,0.04,5.992
Thailand,Southeast Asia,2020,54,5.983,9.805,0.888,0.884,0.895,0.287,2.309,6.077,5.893,0.047,2.43,1.107,0.957,0.596,0.611,0.375,0.028,5.985
Nicaragua,Latin America and Caribbean,2020,55,5.972,8.62,0.864,0.836,0.664,0.02,2.841,6.134,5.81,0.083,2.43,0.693,0.904,0.604,0.553,0.201,0.176,5.972
Japan,East Asia,2020,56,5.94,10.611,0.884,0.796,0.638,-0.258,2.048,6.02,5.861,0.04,2.43,1.389,0.949,0.838,0.504,0.02,0.192,5.94
Argentina,Latin America and Caribbean,2020,57,5.929,9.962,0.898,0.828,0.834,-0.182,2.461,6.04,5.819,0.056,2.43,1.162,0.98,0.646,0.544,0.069,0.067,5.929
Portugal,Western Europe,2020,58,5.93,10.421,0.879,0.892,0.887,-0.244,2.225,6.037,5.821,0.055,2.43,1.323,0.939,0.76,0.621,0.029,0.033,5.929
Honduras,Latin America and Caribbean,2020,59,5.919,8.648,0.812,0.857,0.809,0.081,2.934,6.081,5.758,0.082,2.43,0.703,0.787,0.593,0.578,0.241,0.083,5.919
Croatia,Central and Eastern Europe,2020,60,5.882,10.217,0.924,0.754,0.939,-0.118,2.325,5.975,5.788,0.048,2.43,1.251,1.039,0.703,0.453,0.111,0,5.882
Philippines,Southeast Asia,2020,61,5.881,9.076,0.83,0.917,0.742,-0.097,2.872,5.982,5.778,0.052,2.43,0.853,0.828,0.426,0.651,0.125,0.126,5.88
South Korea,East Asia,2020,62,5.846,10.651,0.799,0.672,0.727,-0.083,2.262,5.928,5.763,0.042,2.43,1.403,0.758,0.801,0.353,0.134,0.135,5.845
Peru,Latin America and Caribbean,2020,63,5.84,9.458,0.832,0.822,0.891,-0.154,2.744,5.988,5.692,0.075,2.43,0.986,0.833,0.623,0.536,0.087,0.031,5.84
Bosnia and Herzegovina,Central and Eastern Europe,2020,64,5.813,9.59,0.87,0.706,0.931,0.113,2.583,5.911,5.715,0.05,2.43,1.032,0.919,0.618,0.395,0.261,0.005,5.813
Moldova,Commonwealth of Independent States,2020,65,5.766,9.454,0.857,0.822,0.918,-0.079,2.665,5.856,5.677,0.046,2.43,0.985,0.888,0.542,0.536,0.137,0.013,5.766
Ecuador,Latin America and Caribbean,2020,66,5.763,9.313,0.821,0.842,0.843,-0.124,2.653,5.875,5.653,0.057,2.43,0.935,0.806,0.64,0.56,0.107,0.062,5.764
Kyrgyzstan,Commonwealth of Independent States,2020,67,5.744,8.538,0.893,0.935,0.908,0.119,2.648,5.834,5.653,0.046,2.43,0.665,0.971,0.501,0.673,0.266,0.02,5.744
Greece,Western Europe,2020,68,5.722,10.279,0.823,0.582,0.823,-0.288,2.561,5.813,5.632,0.046,2.43,1.273,0.811,0.76,0.243,0,0.074,5.723
Bolivia,Latin America and Caribbean,2020,69,5.717,9.046,0.81,0.875,0.839,-0.077,2.805,5.819,5.613,0.053,2.43,0.842,0.782,0.486,0.6,0.138,0.064,5.716
Mongolia,East Asia,2020,70,5.678,9.4,0.935,0.708,0.856,0.116,2.492,5.76,5.595,0.042,2.43,0.966,1.065,0.442,0.397,0.263,0.053,5.677
Paraguay,Latin America and Caribbean,2020,71,5.653,9.448,0.893,0.876,0.882,0.028,2.306,5.832,5.473,0.092,2.43,0.983,0.97,0.549,0.602,0.206,0.037,5.653
Montenegro,Central and Eastern Europe,2020,72,5.581,9.94,0.858,0.708,0.812,-0.034,2.254,5.686,5.475,0.054,2.43,1.155,0.891,0.637,0.397,0.166,0.081,5.581
Dominican Republic,Latin America and Caribbean,2020,73,5.544,9.802,0.853,0.86,0.714,-0.133,2.178,5.685,5.405,0.071,2.43,1.106,0.879,0.555,0.581,0.101,0.144,5.545
North Cyprus,Western Europe,2020,74,5.536,10.576,0.82,0.795,0.626,0.012,1.653,5.636,5.435,0.051,2.43,1.377,0.806,0.801,0.503,0.196,0.2,5.536
Belarus,Commonwealth of Independent States,2020,75,5.533,9.853,0.91,0.65,0.627,-0.18,2.247,5.625,5.442,0.047,2.43,1.124,1.007,0.56,0.326,0.07,0.199,5.534
Russia,Commonwealth of Independent States,2020,76,5.476,10.189,0.903,0.718,0.845,-0.111,2.148,5.541,5.413,0.033,2.43,1.241,0.992,0.511,0.409,0.115,0.06,5.477
Hong Kong S.A.R. of China,East Asia,2020,77,5.477,11,0.836,0.717,0.403,0.067,1.236,5.573,5.38,0.049,2.43,1.525,0.841,0.893,0.408,0.232,0.342,5.477
Tajikistan,Commonwealth of Independent States,2020,78,5.467,8.091,0.86,0.832,0.553,-0.056,2.619,5.532,5.4,0.034,2.43,0.508,0.895,0.498,0.548,0.152,0.247,5.466
Vietnam,Southeast Asia,2020,79,5.411,8.973,0.85,0.94,0.796,-0.098,2.211,5.488,5.334,0.039,2.43,0.817,0.873,0.616,0.679,0.124,0.091,5.411
Libya,Middle East and North Africa,2020,80,5.41,9.622,0.827,0.771,0.667,-0.087,2.331,5.558,5.262,0.076,2.43,1.044,0.821,0.435,0.474,0.131,0.174,5.41
Malaysia,Southeast Asia,2020,81,5.385,10.238,0.817,0.895,0.839,0.125,1.784,5.48,5.289,0.049,2.43,1.259,0.797,0.587,0.624,0.27,0.064,5.384
Indonesia,Southeast Asia,2020,82,5.345,9.365,0.811,0.873,0.867,0.542,1.987,5.454,5.235,0.056,2.43,0.954,0.786,0.433,0.598,0.541,0.046,5.345
Congo (Brazzaville),Sub-Saharan Africa,2020,83,5.342,8.117,0.636,0.695,0.745,-0.068,3.476,5.533,5.151,0.097,2.43,0.518,0.392,0.307,0.381,0.144,0.124,5.342
China,East Asia,2020,84,5.339,9.673,0.811,0.904,0.755,-0.146,1.982,5.397,5.281,0.029,2.43,1.061,0.785,0.665,0.636,0.093,0.117,5.339
Ivory Coast,Sub-Saharan Africa,2020,85,5.306,8.551,0.644,0.741,0.794,-0.016,3.469,5.46,5.152,0.078,2.43,0.669,0.409,0.052,0.438,0.177,0.092,5.306
Armenia,Commonwealth of Independent States,2020,86,5.283,9.487,0.799,0.825,0.629,-0.168,2.127,5.397,5.168,0.058,2.43,0.996,0.758,0.585,0.54,0.079,0.198,5.283
Nepal,South Asia,2020,87,5.269,8.12,0.774,0.782,0.727,0.152,2.642,5.406,5.132,0.07,2.43,0.519,0.702,0.496,0.488,0.287,0.135,5.269
Bulgaria,Central and Eastern Europe,2020,88,5.266,10.016,0.931,0.788,0.932,-0.096,1.823,5.371,5.16,0.054,2.43,1.181,1.055,0.583,0.494,0.125,0.005,5.266
Maldives,South Asia,2020,89,5.199,9.826,0.913,0.854,0.825,0.024,1.52,5.339,5.057,0.072,2.43,1.115,1.015,0.697,0.575,0.204,0.073,5.198
Azerbaijan,Commonwealth of Independent States,2020,90,5.171,9.569,0.836,0.814,0.506,-0.223,1.919,5.25,5.091,0.04,2.43,1.025,0.841,0.541,0.526,0.043,0.276,5.171
Cameroon,Sub-Saharan Africa,2020,91,5.141,8.189,0.71,0.731,0.848,0.026,3.195,5.288,4.996,0.074,2.43,0.543,0.556,0.159,0.425,0.205,0.058,5.142
Senegal,Sub-Saharan Africa,2020,92,5.131,8.118,0.71,0.695,0.801,-0.046,3.071,5.266,4.998,0.068,2.43,0.518,0.558,0.357,0.381,0.158,0.088,5.132
Albania,Central and Eastern Europe,2020,93,5.116,9.52,0.697,0.785,0.901,-0.03,2.25,5.234,5.001,0.059,2.43,1.008,0.529,0.646,0.491,0.168,0.024,5.117
North Macedonia,Central and Eastern Europe,2020,94,5.101,9.693,0.805,0.751,0.905,0.038,2.042,5.202,5.001,0.051,2.43,1.068,0.772,0.535,0.45,0.212,0.022,5.101
Ghana,Sub-Saharan Africa,2020,95,5.089,8.58,0.727,0.807,0.848,0.123,2.684,5.219,4.958,0.067,2.43,0.68,0.595,0.287,0.517,0.268,0.058,5.088
Niger,Sub-Saharan Africa,2020,96,5.074,7.098,0.641,0.806,0.693,0.018,3.47,5.273,4.875,0.102,2.43,0.162,0.402,0.167,0.516,0.2,0.157,5.074
Turkmenistan,Commonwealth of Independent States,2020,97,5.067,9.629,0.983,0.877,0.888,0.273,1.409,5.136,4.996,0.036,2.43,1.046,1.172,0.439,0.602,0.366,0.033,5.066
Gambia,Sub-Saharan Africa,2020,98,5.05,7.686,0.69,0.697,0.746,0.424,2.99,5.225,4.877,0.089,2.43,0.367,0.511,0.21,0.384,0.465,0.123,5.051
Benin,Sub-Saharan Africa,2020,99,5.044,8.087,0.489,0.757,0.661,-0.034,3.482,5.189,4.901,0.073,2.43,0.507,0.058,0.196,0.457,0.166,0.178,5.045
Laos,Southeast Asia,2020,100,5.03,8.947,0.728,0.91,0.658,0.123,2.204,5.119,4.941,0.045,2.43,0.808,0.598,0.33,0.643,0.268,0.179,5.03
Bangladesh,South Asia,2020,101,5.024,8.454,0.693,0.877,0.682,-0.041,2.427,5.115,4.934,0.046,2.43,0.635,0.52,0.514,0.603,0.161,0.164,5.025
Guinea,Sub-Saharan Africa,2020,102,4.986,7.838,0.639,0.697,0.766,0.095,3.216,5.16,4.808,0.09,2.43,0.42,0.399,0.206,0.384,0.25,0.111,4.984
South Africa,Sub-Saharan Africa,2020,103,4.956,9.403,0.86,0.749,0.86,-0.067,2.187,5.074,4.839,0.06,2.43,0.967,0.895,0.265,0.447,0.144,0.051,4.956
Turkey,Middle East and North Africa,2020,104,4.948,10.24,0.822,0.576,0.776,-0.139,1.852,5.038,4.857,0.046,2.43,1.26,0.809,0.59,0.236,0.097,0.104,4.948
Pakistan,South Asia,2020,105,4.933,8.458,0.651,0.726,0.787,0.098,2.784,5.066,4.802,0.068,2.43,0.637,0.423,0.322,0.418,0.252,0.097,4.934
Morocco,Middle East and North Africa,2020,106,4.917,8.903,0.56,0.774,0.801,-0.236,2.749,5.036,4.8,0.06,2.43,0.792,0.219,0.558,0.477,0.034,0.088,4.918
Venezuela,Latin America and Caribbean,2020,107,4.892,9.073,0.861,0.615,0.827,-0.169,2.135,5.017,4.767,0.064,2.43,0.852,0.897,0.574,0.284,0.078,0.072,4.892
Georgia,Commonwealth of Independent States,2020,108,4.89,9.585,0.671,0.783,0.655,-0.238,2.191,4.998,4.785,0.054,2.43,1.03,0.47,0.498,0.488,0.032,0.181,4.891
Algeria,Middle East and North Africa,2020,109,4.888,9.342,0.802,0.48,0.752,-0.067,2.242,4.991,4.783,0.053,2.43,0.946,0.765,0.552,0.119,0.144,0.12,4.887
Ukraine,Commonwealth of Independent States,2020,110,4.875,9.436,0.888,0.724,0.924,-0.011,1.813,4.977,4.773,0.052,2.43,0.979,0.958,0.517,0.417,0.181,0.01,4.875
Iraq,Middle East and North Africa,2020,111,4.854,9.24,0.746,0.63,0.875,-0.053,2.429,4.97,4.738,0.059,2.43,0.91,0.638,0.381,0.302,0.153,0.041,4.854
Gabon,Sub-Saharan Africa,2020,112,4.853,9.603,0.776,0.731,0.84,-0.2,2.201,4.998,4.706,0.075,2.43,1.037,0.707,0.362,0.424,0.058,0.064,4.852
Burkina Faso,Sub-Saharan Africa,2020,113,4.833,7.678,0.672,0.695,0.748,-0.009,3.133,4.993,4.675,0.081,2.43,0.364,0.472,0.179,0.381,0.182,0.122,4.834
Cambodia,Southeast Asia,2020,114,4.83,8.36,0.765,0.959,0.843,0.034,2.148,4.963,4.698,0.067,2.43,0.603,0.68,0.426,0.702,0.21,0.061,4.83
Mozambique,Sub-Saharan Africa,2020,115,4.795,7.158,0.744,0.882,0.684,0.061,2.783,4.997,4.592,0.103,2.43,0.183,0.634,0.196,0.608,0.228,0.163,4.794
Nigeria,Sub-Saharan Africa,2020,116,4.759,8.533,0.74,0.737,0.878,0.037,2.736,4.861,4.658,0.052,2.43,0.663,0.625,0.051,0.433,0.212,0.039,4.759
Mali,Sub-Saharan Africa,2020,117,4.723,7.744,0.724,0.697,0.827,-0.036,3.016,4.884,4.563,0.082,2.43,0.387,0.59,0.11,0.384,0.164,0.072,4.723
Iran,Middle East and North Africa,2020,118,4.72,9.584,0.71,0.608,0.714,0.218,1.823,4.828,4.614,0.055,2.43,1.03,0.557,0.561,0.275,0.33,0.144,4.721
Uganda,Sub-Saharan Africa,2020,119,4.637,7.677,0.781,0.709,0.855,0.122,2.596,4.78,4.493,0.073,2.43,0.364,0.718,0.24,0.398,0.267,0.054,4.636
Liberia,Sub-Saharan Africa,2020,120,4.626,7.288,0.72,0.735,0.85,0.05,2.857,4.833,4.417,0.106,2.43,0.228,0.58,0.253,0.43,0.221,0.057,4.625
Kenya,Sub-Saharan Africa,2020,121,4.607,8.361,0.688,0.779,0.825,0.287,2.18,4.747,4.466,0.072,2.43,0.603,0.508,0.385,0.483,0.375,0.073,4.607
Tunisia,Middle East and North Africa,2020,122,4.597,9.266,0.691,0.656,0.87,-0.201,2.138,4.709,4.484,0.058,2.43,0.919,0.515,0.59,0.334,0.057,0.044,4.596
Lebanon,Middle East and North Africa,2020,123,4.585,9.626,0.848,0.525,0.898,-0.073,1.736,4.691,4.477,0.055,2.43,1.045,0.868,0.595,0.175,0.14,0.026,4.584
Namibia,Sub-Saharan Africa,2020,124,4.574,9.161,0.818,0.719,0.847,-0.149,2.068,4.7,4.448,0.064,2.43,0.882,0.801,0.262,0.411,0.091,0.059,4.574
Palestinian Territories,Middle East and North Africa,2020,125,4.517,8.485,0.826,0.653,0.821,-0.163,2.131,4.649,4.384,0.067,2.43,0.646,0.819,0.434,0.33,0.082,0.075,4.517
Myanmar,Southeast Asia,2020,126,4.426,8.541,0.779,0.876,0.66,0.509,1.407,4.527,4.324,0.052,2.43,0.666,0.713,0.341,0.601,0.52,0.178,4.426
Jordan,Middle East and North Africa,2020,127,4.395,9.182,0.767,0.755,0.705,-0.167,1.553,4.516,4.273,0.062,2.43,0.89,0.685,0.583,0.455,0.079,0.15,4.395
Chad,Sub-Saharan Africa,2020,128,4.356,7.364,0.619,0.579,0.807,0.041,3.209,4.54,4.171,0.094,2.43,0.255,0.353,0,0.24,0.215,0.084,4.355
Sri Lanka,South Asia,2020,129,4.325,9.47,0.827,0.841,0.863,0.079,1.075,4.454,4.196,0.066,2.43,0.99,0.82,0.593,0.559,0.239,0.049,4.325
Swaziland,Sub-Saharan Africa,2020,130,4.308,9.065,0.77,0.647,0.708,-0.185,2.155,4.448,4.168,0.071,2.43,0.849,0.693,0.074,0.323,0.067,0.147,4.308
Comoros,Sub-Saharan Africa,2020,131,4.288,8.031,0.626,0.548,0.781,0.082,2.61,4.454,4.123,0.084,2.43,0.488,0.367,0.279,0.202,0.241,0.101,4.289
Egypt,Middle East and North Africa,2020,132,4.282,9.367,0.75,0.749,0.795,-0.182,1.648,4.371,4.195,0.045,2.43,0.954,0.647,0.426,0.446,0.069,0.092,4.283
Ethiopia,Sub-Saharan Africa,2020,133,4.275,7.694,0.764,0.752,0.761,0.082,2.089,4.374,4.175,0.051,2.43,0.37,0.679,0.331,0.451,0.241,0.114,4.275
Mauritania,Sub-Saharan Africa,2020,134,4.227,8.542,0.795,0.561,0.731,-0.106,2.069,4.365,4.09,0.07,2.43,0.666,0.749,0.273,0.218,0.119,0.133,4.227
Madagascar,Sub-Saharan Africa,2020,135,4.209,7.396,0.686,0.552,0.803,-0.005,2.62,4.349,4.068,0.072,2.43,0.266,0.503,0.341,0.207,0.185,0.087,4.208
Togo,Sub-Saharan Africa,2020,136,4.107,7.362,0.569,0.619,0.772,0.032,2.806,4.258,3.956,0.077,2.43,0.254,0.239,0.203,0.289,0.209,0.107,4.107
Zambia,Sub-Saharan Africa,2020,137,4.074,8.145,0.708,0.782,0.823,0.061,1.975,4.209,3.938,0.069,2.43,0.528,0.552,0.231,0.487,0.227,0.074,4.073
Sierra Leone,Sub-Saharan Africa,2020,138,3.85,7.434,0.63,0.717,0.866,0.084,2.396,4.001,3.698,0.077,2.43,0.279,0.377,0.1,0.408,0.243,0.047,3.849
India,South Asia,2020,139,3.819,8.755,0.603,0.893,0.774,0.089,1.405,3.869,3.769,0.026,2.43,0.741,0.316,0.383,0.622,0.246,0.106,3.819
Burundi,Sub-Saharan Africa,2020,140,3.775,6.635,0.49,0.626,0.607,-0.024,2.876,3.985,3.565,0.107,2.43,0,0.062,0.155,0.298,0.172,0.212,3.775
Yemen,Middle East and North Africa,2020,141,3.657,7.578,0.832,0.602,0.8,-0.147,1.776,3.794,3.521,0.07,2.43,0.329,0.831,0.272,0.268,0.092,0.089,3.658
Tanzania,Sub-Saharan Africa,2020,142,3.623,7.876,0.702,0.833,0.577,0.183,1.263,3.762,3.485,0.071,2.43,0.433,0.54,0.3,0.549,0.307,0.231,3.623
Haiti,Latin America and Caribbean,2020,143,3.613,7.477,0.54,0.593,0.721,0.422,2.06,3.953,3.276,0.173,2.43,0.294,0.173,0.227,0.257,0.463,0.139,3.615
Malawi,Sub-Saharan Africa,2020,144,3.6,6.958,0.537,0.78,0.729,0.038,2.19,3.781,3.419,0.092,2.43,0.113,0.168,0.298,0.484,0.213,0.134,3.6
Lesotho,Sub-Saharan Africa,2020,145,3.512,7.926,0.787,0.715,0.915,-0.131,1.8,3.748,3.276,0.12,2.43,0.451,0.731,0.007,0.405,0.103,0.015,3.512
Botswana,Sub-Saharan Africa,2020,146,3.465,9.782,0.784,0.824,0.801,-0.246,0.648,3.611,3.322,0.074,2.43,1.099,0.724,0.34,0.539,0.027,0.088,3.467
Rwanda,Sub-Saharan Africa,2020,147,3.415,7.676,0.552,0.897,0.167,0.061,1.095,3.548,3.282,0.068,2.43,0.364,0.202,0.407,0.627,0.227,0.493,3.415
Zimbabwe,Sub-Saharan Africa,2020,148,3.145,7.943,0.75,0.677,0.821,-0.047,1.205,3.259,3.03,0.058,2.43,0.457,0.649,0.243,0.359,0.157,0.075,3.145
Afghanistan,South Asia,2020,149,2.523,7.695,0.463,0.382,0.924,-0.102,1.895,2.596,2.449,0.038,2.43,0.37,0,0.126,0,0.122,0.01,2.523
,,,150,0,,,,,,,,,,,,,,,,,
