Country,Region,Year,Happiness Rank,Happiness Score,Dystopia Residual,GDP per capita,Social support,Healthy life expectancy,Freedom to make life choices,Generosity,Perceptions of corruption
Finland,Western Europe,2019,1,7.8087,2.7628,1.2852,1.4995,0.9613,0.6623,0.1597,0.4779
Denmark,Western Europe,2019,2,7.6456,2.4327,1.3269,1.5034,0.9793,0.6650,0.2428,0.4953
Switzerland,Western Europe,2019,3,7.5599,2.3503,1.3908,1.4724,1.0405,0.6290,0.2691,0.4079
Iceland,Western Europe,2019,4,7.5045,2.4607,1.3265,1.5476,1.0008,0.6620,0.3623,0.1445
Norway,Western Europe,2019,5,7.4880,2.1683,1.4242,1.4952,1.0081,0.6702,0.2880,0.4341
Netherlands,Western Europe,2019,6,7.4489,2.3521,1.3389,1.4636,0.9757,0.6136,0.3363,0.3686
Sweden,Western Europe,2019,7,7.3535,2.2463,1.3222,1.4333,0.9865,0.6503,0.2728,0.4421
New Zealand,North America and ANZ,2019,8,7.2996,2.1281,1.2423,1.4872,1.0081,0.6468,0.3257,0.4613
Austria,Western Europe,2019,9,7.2942,2.3984,1.3173,1.4374,1.0009,0.6034,0.2555,0.2813
Luxembourg,Western Europe,2019,10,7.2375,2.1537,1.5367,1.3875,0.9864,0.6101,0.1960,0.3670
Canada,North America and ANZ,2019,11,7.2321,2.1953,1.3016,1.4354,1.0225,0.6440,0.2815,0.3517
Australia,North America and ANZ,2019,12,7.2228,2.1298,1.3104,1.4771,1.0226,0.6219,0.3250,0.3360
United Kingdom,Western Europe,2019,13,7.1645,2.2367,1.2731,1.4578,0.9757,0.5252,0.3734,0.3226
Israel,Middle East and North Africa,2019,14,7.1286,2.7134,1.2165,1.4033,1.0081,0.4207,0.2669,0.0999
Costa Rica,Latin America and Caribbean,2019,15,7.1214,2.9531,0.9811,1.3749,0.9396,0.6450,0.1313,0.0964
Ireland,Western Europe,2019,16,7.0937,1.9439,1.4469,1.4706,0.9757,0.5878,0.2954,0.3734
Germany,Western Europe,2019,17,7.0758,2.2952,1.3142,1.3685,0.9721,0.5643,0.2520,0.3094
United States,North America and ANZ,2019,18,6.9396,2.3441,1.3740,1.4048,0.8316,0.5346,0.2981,0.1523
Czech Republic,Central and Eastern Europe,2019,19,6.9109,2.7968,1.2123,1.4053,0.8946,0.5057,0.0463,0.0498
Belgium,Western Europe,2019,20,6.8635,2.3486,1.2958,1.3987,0.9649,0.4998,0.1470,0.2087
United Arab Emirates,Middle East and North Africa,2019,21,6.7908,2.1670,1.4311,1.2512,0.7878,0.6529,0.2807,0.2202
Malta,Western Europe,2019,22,6.7728,1.9520,1.2525,1.4430,0.9720,0.6332,0.3412,0.1789
France,Western Europe,2019,23,6.6638,2.0532,1.2681,1.4588,1.0297,0.5141,0.1126,0.2273
Mexico,Latin America and Caribbean,2019,24,6.4650,2.6625,1.0244,1.2263,0.8316,0.5539,0.0831,0.0831
Taiwan Province of China,East Asia,2019,25,6.4554,2.1602,1.3275,1.3578,0.8784,0.4494,0.1506,0.1315
Uruguay,Latin America and Caribbean,2019,26,6.4401,2.1673,1.0710,1.4251,0.8569,0.5943,0.1321,0.1934
Saudi Arabia,Middle East and North Africa,2019,27,6.4065,2.2031,1.3343,1.3100,0.7598,0.5485,0.0874,0.1633
Spain,Western Europe,2019,28,6.4009,1.9971,1.2305,1.4211,1.0513,0.4260,0.1653,0.1096
Guatemala,Latin America and Caribbean,2019,29,6.3989,2.8827,0.7538,1.1743,0.7060,0.6131,0.1706,0.0984
Italy,Western Europe,2019,30,6.3874,2.2495,1.2364,1.3473,1.0225,0.3213,0.1703,0.0401
Singapore,Southeast Asia,2019,31,6.3771,0.9370,1.5196,1.3955,1.1378,0.6353,0.2188,0.5332
Brazil,Latin America and Caribbean,2019,32,6.3756,2.5719,0.9527,1.3635,0.7661,0.4833,0.1317,0.1065
Slovenia,Central and Eastern Europe,2019,33,6.3634,1.8886,1.2087,1.4647,0.9325,0.6467,0.1457,0.0765
El Salvador,Latin America and Caribbean,2019,34,6.3483,2.9372,0.7489,1.1494,0.7527,0.5240,0.1189,0.1170
Kosovo,Central and Eastern Europe,2019,35,6.3252,2.7369,0.8405,1.1840,0.6727,0.5573,0.3253,0.0086
Panama,Latin America and Caribbean,2019,36,6.3048,2.2212,1.0977,1.3761,0.8785,0.5798,0.0972,0.0542
Slovakia,Central and Eastern Europe,2019,37,6.2806,2.2564,1.1948,1.4243,0.8535,0.4235,0.1167,0.0113
Uzbekistan,Commonwealth of Independent States,2019,38,6.2576,2.0733,0.6967,1.4340,0.7167,0.6933,0.3633,0.2803
Chile,Latin America and Caribbean,2019,39,6.2285,2.2830,1.0970,1.3233,0.8893,0.4175,0.1556,0.0628
Bahrain,Middle East and North Africa,2019,40,6.2273,1.7519,1.2967,1.3153,0.8388,0.6104,0.2875,0.1267
Lithuania,Central and Eastern Europe,2019,41,6.2155,2.2381,1.1936,1.4329,0.7954,0.4205,0.0537,0.0814
Trinidad and Tobago,Latin America and Caribbean,2019,42,6.1919,2.1907,1.1676,1.4073,0.6588,0.5529,0.1994,0.0151
Poland,Central and Eastern Europe,2019,43,6.1863,2.0568,1.1692,1.3104,0.8680,0.5579,0.0634,0.1605
Colombia,Latin America and Caribbean,2019,44,6.1634,2.4217,0.9322,1.3345,0.8100,0.5269,0.0924,0.0458
Cyprus,Western Europe,2019,45,6.1590,2.0323,1.2128,1.1492,1.0261,0.4594,0.2279,0.0512
Nicaragua,Latin America and Caribbean,2019,46,6.1371,2.4961,0.6200,1.2708,0.8031,0.5601,0.2129,0.1741
Romania,Central and Eastern Europe,2019,47,6.1237,2.4127,1.1204,1.1944,0.7923,0.5349,0.0682,0.0008
Kuwait,Middle East and North Africa,2019,48,6.1021,1.8402,1.4248,1.2448,0.7765,0.5703,0.1328,0.1128
Mauritius,Sub-Saharan Africa,2019,49,6.1013,2.0067,1.0737,1.3957,0.7634,0.5908,0.1869,0.0841
Kazakhstan,Commonwealth of Independent States,2019,50,6.0579,2.0216,1.1226,1.4533,0.6988,0.4974,0.1537,0.1105
Estonia,Central and Eastern Europe,2019,51,6.0218,1.6299,1.1924,1.4532,0.8426,0.5767,0.1251,0.2018
Philippines,Southeast Asia,2019,52,6.0060,2.5017,0.7751,1.2454,0.6022,0.6219,0.1293,0.1304
Hungary,Central and Eastern Europe,2019,53,6.0004,2.1218,1.1643,1.4230,0.8068,0.3864,0.0705,0.0275
Thailand,Southeast Asia,2019,54,5.9988,1.8324,1.0070,1.3475,0.7939,0.6094,0.3767,0.0318
Argentina,Latin America and Caribbean,2019,55,5.9747,2.0725,1.0285,1.3725,0.8498,0.5208,0.0701,0.0604
Honduras,Latin America and Caribbean,2019,56,5.9532,2.4643,0.5988,1.1867,0.7920,0.5681,0.2565,0.0868
Latvia,Central and Eastern Europe,2019,57,5.9500,2.1213,1.1414,1.4144,0.7779,0.3292,0.0754,0.0904
Ecuador,Latin America and Caribbean,2019,58,5.9252,2.2549,0.8534,1.2210,0.8388,0.5552,0.1150,0.0868
Portugal,Western Europe,2019,59,5.9109,1.7526,1.1688,1.3395,0.9793,0.5899,0.0530,0.0277
Jamaica,Latin America and Caribbean,2019,60,5.8898,2.2144,0.7791,1.4083,0.7884,0.5531,0.1163,0.0301
South Korea,East Asia,2019,61,5.8724,1.9468,1.2453,1.1336,1.0225,0.2594,0.1703,0.0946
Japan,East Asia,2019,62,5.8708,1.4862,1.2667,1.3323,1.0729,0.4955,0.0357,0.1814
Peru,Latin America and Caribbean,2019,63,5.7968,2.2135,0.9185,1.2084,0.8244,0.5132,0.0916,0.0270
Serbia,Central and Eastern Europe,2019,64,5.7782,2.0290,0.9882,1.3274,0.8284,0.3954,0.1503,0.0594
Bolivia,Latin America and Caribbean,2019,65,5.7475,2.4259,0.7310,1.1424,0.6624,0.5745,0.1384,0.0729
Pakistan,South Asia,2019,66,5.6933,2.9769,0.6168,0.8730,0.4699,0.4054,0.2287,0.1226
Paraguay,Latin America and Caribbean,2019,67,5.6921,1.8341,0.8980,1.3682,0.7359,0.5865,0.2043,0.0651
Dominican Republic,Latin America and Caribbean,2019,68,5.6892,1.8442,0.9832,1.3289,0.7419,0.5629,0.1122,0.1159
Bosnia and Herzegovina,Central and Eastern Europe,2019,69,5.6741,2.1672,0.9184,1.2040,0.8139,0.3054,0.2640,0.0012
Moldova,Commonwealth of Independent States,2019,70,5.6075,2.3710,0.7079,1.2373,0.7133,0.3896,0.1740,0.0144
Tajikistan,Commonwealth of Independent States,2019,71,5.5557,2.2565,0.4749,1.2184,0.6806,0.5211,0.1824,0.2218
Montenegro,Central and Eastern Europe,2019,72,5.5461,1.8806,1.0102,1.2657,0.8390,0.3032,0.1490,0.0984
Russia,Commonwealth of Independent States,2019,73,5.5460,1.8157,1.1270,1.3786,0.6804,0.3995,0.0990,0.0457
Kyrgyzstan,Commonwealth of Independent States,2019,74,5.5415,2.0602,0.5132,1.3410,0.6806,0.6146,0.3014,0.0305
Belarus,Commonwealth of Independent States,2019,75,5.5399,1.8070,1.0189,1.3871,0.7526,0.2908,0.0899,0.1936
North Cyprus,Western Europe,2019,76,5.5355,1.2367,1.2128,1.1831,1.0261,0.4779,0.1992,0.1998
Greece,Western Europe,2019,77,5.5150,2.0162,1.1281,1.1690,0.9794,0.1735,0.0000,0.0488
Hong Kong S.A.R. of China,East Asia,2019,78,5.5104,0.6733,1.3767,1.2436,1.1366,0.4594,0.2883,0.3325
Croatia,Central and Eastern Europe,2019,79,5.5047,1.6760,1.1090,1.3113,0.9006,0.3815,0.1140,0.0123
Libya,Middle East and North Africa,2019,80,5.4888,1.8886,1.0219,1.1963,0.6156,0.4514,0.1428,0.1723
Mongolia,East Asia,2019,81,5.4562,1.8105,0.9049,1.4589,0.6158,0.3557,0.2639,0.0465
Malaysia,Southeast Asia,2019,82,5.3843,1.3194,1.1684,1.1740,0.7885,0.5969,0.2749,0.0622
Vietnam,Southeast Asia,2019,83,5.3535,1.6860,0.7181,1.2531,0.8191,0.6508,0.1365,0.0898
Indonesia,Southeast Asia,2019,84,5.2856,1.4796,0.8917,1.1548,0.6104,0.5682,0.5426,0.0383
Ivory Coast,Sub-Saharan Africa,2019,85,5.2333,3.0810,0.5371,0.7997,0.1549,0.3971,0.1699,0.0935
Benin,Sub-Saharan Africa,2019,86,5.2160,3.4408,0.3662,0.3524,0.3281,0.4058,0.1967,0.1259
Maldives,South Asia,2019,87,5.1976,1.0987,0.9379,1.4023,0.9144,0.5482,0.2242,0.0719
Congo (Brazzaville),Sub-Saharan Africa,2019,88,5.1944,2.7226,0.6336,0.7576,0.4581,0.3865,0.1172,0.1187
Azerbaijan,Commonwealth of Independent States,2019,89,5.1648,1.5076,0.9903,1.1806,0.7311,0.4677,0.0401,0.2473
Macedonia,Central and Eastern Europe,2019,90,5.1598,1.6176,0.9354,1.1832,0.8030,0.4102,0.1859,0.0246
Ghana,Sub-Saharan Africa,2019,91,5.1480,2.3784,0.5759,0.9664,0.4322,0.4773,0.2613,0.0566
Nepal,South Asia,2019,92,5.1372,2.0144,0.4441,1.1008,0.6689,0.4806,0.3010,0.1275
Turkey,Middle East and North Africa,2019,93,5.1318,1.5648,1.1272,1.1972,0.7813,0.2544,0.0859,0.1210
China,East Asia,2019,94,5.1239,1.3362,0.9905,1.1321,0.8672,0.6016,0.0790,0.1173
Turkmenistan,Commonwealth of Independent States,2019,95,5.1191,1.1153,1.0090,1.5105,0.6124,0.5152,0.3231,0.0335
Bulgaria,Central and Eastern Europe,2019,96,5.1015,1.2950,1.0466,1.4606,0.7778,0.4178,0.1038,0.0000
Morocco,Middle East and North Africa,2019,97,5.0948,2.3784,0.7586,0.6452,0.7451,0.4501,0.0400,0.0774
Cameroon,Sub-Saharan Africa,2019,98,5.0849,2.7194,0.5040,0.8997,0.2702,0.4392,0.1980,0.0544
Venezuela,Latin America and Caribbean,2019,99,5.0532,1.7448,0.7702,1.3485,0.7670,0.2717,0.0872,0.0636
Algeria,Middle East and North Africa,2019,100,5.0051,1.8408,0.9439,1.1430,0.7454,0.0839,0.1189,0.1292
Senegal,Sub-Saharan Africa,2019,101,4.9808,2.4051,0.5041,0.9546,0.5184,0.3524,0.1644,0.0819
Guinea,Sub-Saharan Africa,2019,102,4.9493,2.7407,0.3900,0.7514,0.3337,0.3719,0.2495,0.1122
Niger,Sub-Saharan Africa,2019,103,4.9096,3.0176,0.1083,0.7038,0.2988,0.4353,0.2082,0.1376
Laos,Southeast Asia,2019,104,4.8886,1.6212,0.7147,0.9874,0.4864,0.6120,0.2727,0.1943
Albania,Central and Eastern Europe,2019,105,4.8827,1.6409,0.9067,0.8305,0.8463,0.4619,0.1710,0.0254
Cambodia,Southeast Asia,2019,106,4.8484,1.6633,0.5446,1.0714,0.5879,0.6749,0.2333,0.0728
Bangladesh,South Asia,2019,107,4.8328,1.7553,0.5562,0.8688,0.6949,0.6041,0.1767,0.1767
Gabon,Sub-Saharan Africa,2019,108,4.8293,1.7350,0.9880,1.1064,0.5226,0.3695,0.0520,0.0558
South Africa,Sub-Saharan Africa,2019,109,4.8141,1.6251,0.9021,1.2591,0.4070,0.4348,0.1264,0.0595
Iraq,Middle East and North Africa,2019,110,4.7848,1.7522,0.9820,1.0115,0.5294,0.2836,0.1530,0.0732
Lebanon,Middle East and North Africa,2019,111,4.7715,1.5355,0.8892,1.1925,0.7887,0.1855,0.1585,0.0215
Burkina Faso,Sub-Saharan Africa,2019,112,4.7687,2.5888,0.3025,0.9294,0.3128,0.3224,0.1864,0.1264
Gambia,Sub-Saharan Africa,2019,113,4.7506,2.2702,0.2570,0.8827,0.3532,0.4034,0.4260,0.1581
Mali,Sub-Saharan Africa,2019,114,4.7293,2.5593,0.3525,0.9731,0.2350,0.3775,0.1697,0.0621
Nigeria,Sub-Saharan Africa,2019,115,4.7241,2.2196,0.6459,0.9867,0.1678,0.4351,0.2213,0.0476
Armenia,Commonwealth of Independent States,2019,116,4.6768,1.4682,0.8083,1.0346,0.7759,0.3781,0.1072,0.1046
Georgia,Commonwealth of Independent States,2019,117,4.6726,1.6924,0.8472,0.7312,0.6947,0.4855,0.0476,0.1741
Iran,Middle East and North Africa,2019,118,4.6724,1.2870,1.0293,0.8863,0.7491,0.3012,0.2770,0.1427
Jordan,Middle East and North Africa,2019,119,4.6334,1.2623,0.7852,1.1401,0.7776,0.4249,0.0915,0.1519
Mozambique,Sub-Saharan Africa,2019,120,4.6236,2.2212,0.1787,0.9552,0.3242,0.5608,0.2204,0.1631
Kenya,Sub-Saharan Africa,2019,121,4.5830,1.6849,0.4764,0.9051,0.5363,0.5192,0.3939,0.0672
Namibia,Sub-Saharan Africa,2019,122,4.5711,1.5030,0.8401,1.2457,0.4069,0.4446,0.0765,0.0543
Ukraine,Commonwealth of Independent States,2019,123,4.5607,1.2527,0.7804,1.3213,0.6987,0.3194,0.1786,0.0097
Liberia,Sub-Saharan Africa,2019,124,4.5579,2.3868,0.1741,0.9207,0.3923,0.4059,0.2270,0.0511
Palestinian Territories,Middle East and North Africa,2019,125,4.5528,1.6940,0.5878,1.1948,0.6138,0.2987,0.0918,0.0719
Uganda,Sub-Saharan Africa,2019,126,4.4320,1.9587,0.3123,1.0523,0.3783,0.4017,0.2648,0.0638
Chad,Sub-Saharan Africa,2019,127,4.4227,2.7474,0.3023,0.7391,0.1087,0.2286,0.2108,0.0858
Tunisia,Middle East and North Africa,2019,128,4.3922,1.5285,0.8747,0.8722,0.7812,0.2359,0.0559,0.0439
Mauritania,Sub-Saharan Africa,2019,129,4.3746,1.8596,0.5397,1.1133,0.4252,0.1857,0.1289,0.1223
Sri Lanka,South Asia,2019,130,4.3270,0.6113,0.8980,1.1949,0.7920,0.5286,0.2527,0.0494
Congo (Kinshasa),Sub-Saharan Africa,2019,131,4.3110,2.4379,0.0625,0.8331,0.2772,0.3646,0.2543,0.0815
Swaziland,Sub-Saharan Africa,2019,132,4.3081,1.6862,0.8275,1.0648,0.2156,0.2999,0.0673,0.1468
Myanmar,Southeast Asia,2019,133,4.3080,0.6815,0.6781,1.0982,0.4954,0.5975,0.5698,0.1875
Comoros,Sub-Saharan Africa,2019,134,4.2886,2.1728,0.4156,0.7232,0.4374,0.1810,0.2585,0.1000
Togo,Sub-Saharan Africa,2019,135,4.1872,2.4096,0.2681,0.5476,0.3427,0.3035,0.2008,0.1148
Ethiopia,Sub-Saharan Africa,2019,136,4.1862,1.6285,0.3151,1.0011,0.4838,0.4126,0.2277,0.1174
Madagascar,Sub-Saharan Africa,2019,137,4.1656,2.1363,0.2446,0.8237,0.5006,0.1930,0.1912,0.0762
Egypt,Middle East and North Africa,2019,138,4.1514,1.1588,0.8752,0.9825,0.5969,0.3737,0.0688,0.0955
Sierra Leone,Sub-Saharan Africa,2019,139,3.9264,2.0463,0.2406,0.7480,0.2040,0.3820,0.2576,0.0479
Burundi,Sub-Saharan Africa,2019,140,3.7753,2.4015,0.0000,0.4036,0.2952,0.2754,0.1874,0.2122
Zambia,Sub-Saharan Africa,2019,141,3.7594,1.1343,0.5368,0.8960,0.3636,0.4913,0.2506,0.0867
Haiti,Latin America and Caribbean,2019,142,3.7208,1.6199,0.2847,0.6467,0.3744,0.1693,0.4639,0.1619
Lesotho,Sub-Saharan Africa,2019,143,3.6528,1.4455,0.4549,1.0889,0.1009,0.4094,0.1026,0.0505
India,South Asia,2019,144,3.5733,0.7341,0.7306,0.6442,0.5406,0.5811,0.2371,0.1056
Malawi,Sub-Saharan Africa,2019,145,3.5380,1.5527,0.1765,0.5304,0.4462,0.4874,0.2132,0.1316
Yemen,Middle East and North Africa,2019,146,3.5274,1.1165,0.3927,1.1775,0.4150,0.2437,0.0947,0.0874
Botswana,Sub-Saharan Africa,2019,147,3.4789,0.2572,0.9975,1.0857,0.4941,0.5091,0.0334,0.1018
Tanzania,Sub-Saharan Africa,2019,148,3.4762,0.7190,0.4572,0.8727,0.4427,0.5093,0.2715,0.2039
Central African Republic,Sub-Saharan Africa,2019,149,3.4759,2.8602,0.0411,0.0000,0.0000,0.2928,0.2535,0.0283
Rwanda,Sub-Saharan Africa,2019,150,3.3123,0.5484,0.3432,0.5229,0.5724,0.6041,0.2357,0.4855
Zimbabwe,Sub-Saharan Africa,2019,151,3.2992,0.8410,0.4256,1.0478,0.3750,0.3774,0.1513,0.0809
South Sudan,Sub-Saharan Africa,2019,152,2.8166,1.3788,0.2891,0.5533,0.2088,0.0656,0.2099,0.1112
Afghanistan,South Asia,2019,153,2.5669,1.5072,0.3007,0.3564,0.2661,0.0000,0.1352,0.0012
Finland,Western Europe,2020,1,7.8420,3.2530,1.4460,1.1060,0.7410,0.6910,0.1240,0.4810
Denmark,Western Europe,2020,2,7.6200,2.8680,1.5020,1.1080,0.7630,0.6860,0.2080,0.4850
Switzerland,Western Europe,2020,3,7.5700,2.8390,1.5660,1.0790,0.8160,0.6530,0.2040,0.4130
Iceland,Western Europe,2020,4,7.5540,2.9670,1.4820,1.1720,0.7720,0.6980,0.2930,0.1700
Netherlands,Western Europe,2020,5,7.4640,2.7980,1.5010,1.0790,0.7530,0.6470,0.3020,0.3840
Norway,Western Europe,2020,6,7.3920,2.5800,1.5430,1.1080,0.7820,0.7030,0.2490,0.4270
Sweden,Western Europe,2020,7,7.3630,2.6830,1.4780,1.0620,0.7630,0.6850,0.2440,0.4480
Luxembourg,Western Europe,2020,8,7.3250,2.6530,1.7510,1.0030,0.7600,0.6390,0.1660,0.3530
New Zealand,North America and ANZ,2020,9,7.2770,2.6120,1.4000,1.0940,0.7850,0.6650,0.2760,0.4450
Austria,Western Europe,2020,10,7.2670,2.7840,1.4920,1.0620,0.7820,0.6400,0.2150,0.2920
Australia,North America and ANZ,2020,11,7.1830,2.5980,1.4530,1.0760,0.8010,0.6470,0.2910,0.3170
Israel,Middle East and North Africa,2020,12,7.1570,3.0830,1.3760,1.0740,0.7880,0.5090,0.2080,0.1190
Germany,Western Europe,2020,13,7.1550,2.8240,1.4800,0.9930,0.7570,0.6000,0.1950,0.3060
Canada,North America and ANZ,2020,14,7.1030,2.5850,1.4470,1.0440,0.7980,0.6480,0.2460,0.3350
Ireland,Western Europe,2020,15,7.0840,2.3840,1.6440,1.0920,0.7530,0.6060,0.2380,0.3670
Costa Rica,Latin America and Caribbean,2020,16,7.0700,3.3870,1.1340,0.9660,0.7220,0.6730,0.1050,0.0830
United Kingdom,Western Europe,2020,17,7.0640,2.5960,1.4230,1.0620,0.7570,0.5800,0.3400,0.3060
Czech Republic,Central and Eastern Europe,2020,18,6.9650,3.1240,1.3700,1.0900,0.7030,0.5800,0.0520,0.0460
United States,North America and ANZ,2020,19,6.9510,2.8070,1.5330,1.0300,0.6210,0.5540,0.2520,0.1540
Belgium,Western Europe,2020,20,6.8340,2.8620,1.4630,0.9980,0.7470,0.4890,0.0880,0.1870
France,Western Europe,2020,21,6.6900,2.5210,1.4210,1.0810,0.8040,0.5360,0.0920,0.2350
Bahrain,Middle East and North Africa,2020,22,6.6470,2.6310,1.4090,0.8990,0.6620,0.6610,0.2460,0.1390
Malta,Western Europe,2020,23,6.6030,2.2680,1.4110,1.0550,0.7470,0.6640,0.2750,0.1830
Taiwan Province of China,East Asia,2020,24,6.5850,2.6870,1.4800,0.9820,0.6650,0.4900,0.1420,0.1390
United Arab Emirates,Middle East and North Africa,2020,25,6.5600,2.4220,1.5550,0.8600,0.5940,0.6700,0.2360,0.2230
Saudi Arabia,Middle East and North Africa,2020,26,6.4940,2.6680,1.4350,0.9640,0.5710,0.6030,0.0900,0.1630
Spain,Western Europe,2020,27,6.4920,2.5130,1.3750,1.0570,0.8260,0.4620,0.1350,0.1240
Italy,Western Europe,2020,28,6.4840,2.7940,1.3930,0.9400,0.7980,0.3790,0.1330,0.0470
Slovenia,Central and Eastern Europe,2020,29,6.4600,2.3880,1.3600,1.0930,0.7220,0.6900,0.1220,0.0850
Guatemala,Latin America and Caribbean,2020,30,6.4350,3.3750,0.8450,0.7900,0.5190,0.6380,0.1630,0.1050
Uruguay,Latin America and Caribbean,2020,31,6.4310,2.6000,1.1640,1.0420,0.6490,0.6250,0.1280,0.2230
Singapore,Southeast Asia,2020,32,6.3770,1.3790,1.6950,1.0190,0.8970,0.6640,0.1760,0.5470
Kosovo,Central and Eastern Europe,2020,33,6.3720,3.1820,0.9370,0.8070,0.4830,0.5930,0.3560,0.0140
Slovakia,Central and Eastern Europe,2020,34,6.3300,2.7140,1.3040,1.0660,0.6530,0.4680,0.1070,0.0180
Brazil,Latin America and Caribbean,2020,35,6.3310,3.0150,1.0280,0.9440,0.5710,0.5140,0.1420,0.1170
Mexico,Latin America and Caribbean,2020,36,6.3170,2.9610,1.1260,0.8300,0.6340,0.5850,0.0920,0.0890
Jamaica,Latin America and Caribbean,2020,37,6.3090,3.1350,0.8910,0.9320,0.5990,0.6180,0.0990,0.0350
Lithuania,Central and Eastern Europe,2020,38,6.2560,2.6240,1.3500,1.0650,0.6120,0.4760,0.0560,0.0730
Cyprus,Western Europe,2020,39,6.2240,2.5780,1.3770,0.7650,0.8010,0.4640,0.1780,0.0610
Estonia,Central and Eastern Europe,2020,40,6.1890,2.1030,1.3440,1.0790,0.6400,0.6410,0.1190,0.2630
Panama,Latin America and Caribbean,2020,41,6.1780,2.5090,1.2980,0.9760,0.6670,0.5960,0.0790,0.0530
Uzbekistan,Commonwealth of Independent States,2020,42,6.1790,2.4770,0.7690,1.0270,0.5280,0.7160,0.3910,0.2710
Chile,Latin America and Caribbean,2020,43,6.1730,2.6820,1.2000,0.9460,0.6780,0.4380,0.1590,0.0700
Poland,Central and Eastern Europe,2020,44,6.1650,2.4380,1.3090,0.9820,0.6680,0.5580,0.0800,0.1300
Kazakhstan,Commonwealth of Independent States,2020,45,6.1540,2.4460,1.2300,1.1030,0.5270,0.5730,0.1430,0.1320
Romania,Central and Eastern Europe,2020,46,6.1420,2.8300,1.2750,0.8320,0.5950,0.5640,0.0450,0.0010
Kuwait,Middle East and North Africa,2020,47,6.1070,2.3680,1.4610,0.8570,0.5800,0.5910,0.1200,0.1300
Serbia,Central and Eastern Europe,2020,48,6.0780,2.6820,1.1010,0.9240,0.6340,0.4820,0.1890,0.0660
El Salvador,Latin America and Caribbean,2020,49,6.0610,3.0850,0.8450,0.6750,0.5650,0.6150,0.1160,0.1600
Mauritius,Sub-Saharan Africa,2020,50,6.0490,2.4620,1.1780,0.9960,0.5740,0.5900,0.1530,0.0960
Latvia,Central and Eastern Europe,2020,51,6.0310,2.5360,1.2850,1.0470,0.5870,0.4050,0.0820,0.0890
Colombia,Latin America and Caribbean,2020,52,6.0130,2.7940,1.0210,0.8660,0.6150,0.5540,0.1000,0.0630
Hungary,Central and Eastern Europe,2020,53,5.9920,2.4320,1.3010,1.0830,0.6150,0.4540,0.0670,0.0400
Thailand,Southeast Asia,2020,54,5.9830,2.3090,1.1070,0.9570,0.5960,0.6110,0.3750,0.0280
Nicaragua,Latin America and Caribbean,2020,55,5.9720,2.8410,0.6930,0.9040,0.6040,0.5530,0.2010,0.1760
Japan,East Asia,2020,56,5.9400,2.0480,1.3890,0.9490,0.8380,0.5040,0.0200,0.1920
Argentina,Latin America and Caribbean,2020,57,5.9290,2.4610,1.1620,0.9800,0.6460,0.5440,0.0690,0.0670
Portugal,Western Europe,2020,58,5.9300,2.2250,1.3230,0.9390,0.7600,0.6210,0.0290,0.0330
Honduras,Latin America and Caribbean,2020,59,5.9190,2.9340,0.7030,0.7870,0.5930,0.5780,0.2410,0.0830
Croatia,Central and Eastern Europe,2020,60,5.8820,2.3250,1.2510,1.0390,0.7030,0.4530,0.1110,0.0000
Philippines,Southeast Asia,2020,61,5.8810,2.8720,0.8530,0.8280,0.4260,0.6510,0.1250,0.1260
South Korea,East Asia,2020,62,5.8460,2.2620,1.4030,0.7580,0.8010,0.3530,0.1340,0.1350
Peru,Latin America and Caribbean,2020,63,5.8400,2.7440,0.9860,0.8330,0.6230,0.5360,0.0870,0.0310
Bosnia and Herzegovina,Central and Eastern Europe,2020,64,5.8130,2.5830,1.0320,0.9190,0.6180,0.3950,0.2610,0.0050
Moldova,Commonwealth of Independent States,2020,65,5.7660,2.6650,0.9850,0.8880,0.5420,0.5360,0.1370,0.0130
Ecuador,Latin America and Caribbean,2020,66,5.7630,2.6530,0.9350,0.8060,0.6400,0.5600,0.1070,0.0620
Kyrgyzstan,Commonwealth of Independent States,2020,67,5.7440,2.6480,0.6650,0.9710,0.5010,0.6730,0.2660,0.0200
Greece,Western Europe,2020,68,5.7220,2.5610,1.2730,0.8110,0.7600,0.2430,0.0000,0.0740
Bolivia,Latin America and Caribbean,2020,69,5.7170,2.8050,0.8420,0.7820,0.4860,0.6000,0.1380,0.0640
Mongolia,East Asia,2020,70,5.6780,2.4920,0.9660,1.0650,0.4420,0.3970,0.2630,0.0530
Paraguay,Latin America and Caribbean,2020,71,5.6530,2.3060,0.9830,0.9700,0.5490,0.6020,0.2060,0.0370
Montenegro,Central and Eastern Europe,2020,72,5.5810,2.2540,1.1550,0.8910,0.6370,0.3970,0.1660,0.0810
Dominican Republic,Latin America and Caribbean,2020,73,5.5440,2.1780,1.1060,0.8790,0.5550,0.5810,0.1010,0.1440
North Cyprus,Western Europe,2020,74,5.5360,1.6530,1.3770,0.8060,0.8010,0.5030,0.1960,0.2000
Belarus,Commonwealth of Independent States,2020,75,5.5330,2.2470,1.1240,1.0070,0.5600,0.3260,0.0700,0.1990
Russia,Commonwealth of Independent States,2020,76,5.4760,2.1480,1.2410,0.9920,0.5110,0.4090,0.1150,0.0600
Hong Kong S.A.R. of China,East Asia,2020,77,5.4770,1.2360,1.5250,0.8410,0.8930,0.4080,0.2320,0.3420
Tajikistan,Commonwealth of Independent States,2020,78,5.4670,2.6190,0.5080,0.8950,0.4980,0.5480,0.1520,0.2470
Vietnam,Southeast Asia,2020,79,5.4110,2.2110,0.8170,0.8730,0.6160,0.6790,0.1240,0.0910
Libya,Middle East and North Africa,2020,80,5.4100,2.3310,1.0440,0.8210,0.4350,0.4740,0.1310,0.1740
Malaysia,Southeast Asia,2020,81,5.3850,1.7840,1.2590,0.7970,0.5870,0.6240,0.2700,0.0640
Indonesia,Southeast Asia,2020,82,5.3450,1.9870,0.9540,0.7860,0.4330,0.5980,0.5410,0.0460
Congo (Brazzaville),Sub-Saharan Africa,2020,83,5.3420,3.4760,0.5180,0.3920,0.3070,0.3810,0.1440,0.1240
China,East Asia,2020,84,5.3390,1.9820,1.0610,0.7850,0.6650,0.6360,0.0930,0.1170
Ivory Coast,Sub-Saharan Africa,2020,85,5.3060,3.4690,0.6690,0.4090,0.0520,0.4380,0.1770,0.0920
Armenia,Commonwealth of Independent States,2020,86,5.2830,2.1270,0.9960,0.7580,0.5850,0.5400,0.0790,0.1980
Nepal,South Asia,2020,87,5.2690,2.6420,0.5190,0.7020,0.4960,0.4880,0.2870,0.1350
Bulgaria,Central and Eastern Europe,2020,88,5.2660,1.8230,1.1810,1.0550,0.5830,0.4940,0.1250,0.0050
Maldives,South Asia,2020,89,5.1990,1.5200,1.1150,1.0150,0.6970,0.5750,0.2040,0.0730
Azerbaijan,Commonwealth of Independent States,2020,90,5.1710,1.9190,1.0250,0.8410,0.5410,0.5260,0.0430,0.2760
Cameroon,Sub-Saharan Africa,2020,91,5.1410,3.1950,0.5430,0.5560,0.1590,0.4250,0.2050,0.0580
Senegal,Sub-Saharan Africa,2020,92,5.1310,3.0710,0.5180,0.5580,0.3570,0.3810,0.1580,0.0880
Albania,Central and Eastern Europe,2020,93,5.1160,2.2500,1.0080,0.5290,0.6460,0.4910,0.1680,0.0240
North Macedonia,Central and Eastern Europe,2020,94,5.1010,2.0420,1.0680,0.7720,0.5350,0.4500,0.2120,0.0220
Ghana,Sub-Saharan Africa,2020,95,5.0890,2.6840,0.6800,0.5950,0.2870,0.5170,0.2680,0.0580
Niger,Sub-Saharan Africa,2020,96,5.0740,3.4700,0.1620,0.4020,0.1670,0.5160,0.2000,0.1570
Turkmenistan,Commonwealth of Independent States,2020,97,5.0670,1.4090,1.0460,1.1720,0.4390,0.6020,0.3660,0.0330
Gambia,Sub-Saharan Africa,2020,98,5.0500,2.9900,0.3670,0.5110,0.2100,0.3840,0.4650,0.1230
Benin,Sub-Saharan Africa,2020,99,5.0440,3.4820,0.5070,0.0580,0.1960,0.4570,0.1660,0.1780
Laos,Southeast Asia,2020,100,5.0300,2.2040,0.8080,0.5980,0.3300,0.6430,0.2680,0.1790
Bangladesh,South Asia,2020,101,5.0240,2.4270,0.6350,0.5200,0.5140,0.6030,0.1610,0.1640
Guinea,Sub-Saharan Africa,2020,102,4.9860,3.2160,0.4200,0.3990,0.2060,0.3840,0.2500,0.1110
South Africa,Sub-Saharan Africa,2020,103,4.9560,2.1870,0.9670,0.8950,0.2650,0.4470,0.1440,0.0510
Turkey,Middle East and North Africa,2020,104,4.9480,1.8520,1.2600,0.8090,0.5900,0.2360,0.0970,0.1040
Pakistan,South Asia,2020,105,4.9330,2.7840,0.6370,0.4230,0.3220,0.4180,0.2520,0.0970
Morocco,Middle East and North Africa,2020,106,4.9170,2.7490,0.7920,0.2190,0.5580,0.4770,0.0340,0.0880
Venezuela,Latin America and Caribbean,2020,107,4.8920,2.1350,0.8520,0.8970,0.5740,0.2840,0.0780,0.0720
Georgia,Commonwealth of Independent States,2020,108,4.8900,2.1910,1.0300,0.4700,0.4980,0.4880,0.0320,0.1810
Algeria,Middle East and North Africa,2020,109,4.8880,2.2420,0.9460,0.7650,0.5520,0.1190,0.1440,0.1200
Ukraine,Commonwealth of Independent States,2020,110,4.8750,1.8130,0.9790,0.9580,0.5170,0.4170,0.1810,0.0100
Iraq,Middle East and North Africa,2020,111,4.8540,2.4290,0.9100,0.6380,0.3810,0.3020,0.1530,0.0410
Gabon,Sub-Saharan Africa,2020,112,4.8530,2.2010,1.0370,0.7070,0.3620,0.4240,0.0580,0.0640
Burkina Faso,Sub-Saharan Africa,2020,113,4.8330,3.1330,0.3640,0.4720,0.1790,0.3810,0.1820,0.1220
Cambodia,Southeast Asia,2020,114,4.8300,2.1480,0.6030,0.6800,0.4260,0.7020,0.2100,0.0610
Mozambique,Sub-Saharan Africa,2020,115,4.7950,2.7830,0.1830,0.6340,0.1960,0.6080,0.2280,0.1630
Nigeria,Sub-Saharan Africa,2020,116,4.7590,2.7360,0.6630,0.6250,0.0510,0.4330,0.2120,0.0390
Mali,Sub-Saharan Africa,2020,117,4.7230,3.0160,0.3870,0.5900,0.1100,0.3840,0.1640,0.0720
Iran,Middle East and North Africa,2020,118,4.7200,1.8230,1.0300,0.5570,0.5610,0.2750,0.3300,0.1440
Uganda,Sub-Saharan Africa,2020,119,4.6370,2.5960,0.3640,0.7180,0.2400,0.3980,0.2670,0.0540
Liberia,Sub-Saharan Africa,2020,120,4.6260,2.8570,0.2280,0.5800,0.2530,0.4300,0.2210,0.0570
Kenya,Sub-Saharan Africa,2020,121,4.6070,2.1800,0.6030,0.5080,0.3850,0.4830,0.3750,0.0730
Tunisia,Middle East and North Africa,2020,122,4.5970,2.1380,0.9190,0.5150,0.5900,0.3340,0.0570,0.0440
Lebanon,Middle East and North Africa,2020,123,4.5850,1.7360,1.0450,0.8680,0.5950,0.1750,0.1400,0.0260
Namibia,Sub-Saharan Africa,2020,124,4.5740,2.0680,0.8820,0.8010,0.2620,0.4110,0.0910,0.0590
Palestinian Territories,Middle East and North Africa,2020,125,4.5170,2.1310,0.6460,0.8190,0.4340,0.3300,0.0820,0.0750
Myanmar,Southeast Asia,2020,126,4.4260,1.4070,0.6660,0.7130,0.3410,0.6010,0.5200,0.1780
Jordan,Middle East and North Africa,2020,127,4.3950,1.5530,0.8900,0.6850,0.5830,0.4550,0.0790,0.1500
Chad,Sub-Saharan Africa,2020,128,4.3560,3.2090,0.2550,0.3530,0.0000,0.2400,0.2150,0.0840
Sri Lanka,South Asia,2020,129,4.3250,1.0750,0.9900,0.8200,0.5930,0.5590,0.2390,0.0490
Swaziland,Sub-Saharan Africa,2020,130,4.3080,2.1550,0.8490,0.6930,0.0740,0.3230,0.0670,0.1470
Comoros,Sub-Saharan Africa,2020,131,4.2880,2.6100,0.4880,0.3670,0.2790,0.2020,0.2410,0.1010
Egypt,Middle East and North Africa,2020,132,4.2820,1.6480,0.9540,0.6470,0.4260,0.4460,0.0690,0.0920
Ethiopia,Sub-Saharan Africa,2020,133,4.2750,2.0890,0.3700,0.6790,0.3310,0.4510,0.2410,0.1140
Mauritania,Sub-Saharan Africa,2020,134,4.2270,2.0690,0.6660,0.7490,0.2730,0.2180,0.1190,0.1330
Madagascar,Sub-Saharan Africa,2020,135,4.2090,2.6200,0.2660,0.5030,0.3410,0.2070,0.1850,0.0870
Togo,Sub-Saharan Africa,2020,136,4.1070,2.8060,0.2540,0.2390,0.2030,0.2890,0.2090,0.1070
Zambia,Sub-Saharan Africa,2020,137,4.0740,1.9750,0.5280,0.5520,0.2310,0.4870,0.2270,0.0740
Sierra Leone,Sub-Saharan Africa,2020,138,3.8500,2.3960,0.2790,0.3770,0.1000,0.4080,0.2430,0.0470
India,South Asia,2020,139,3.8190,1.4050,0.7410,0.3160,0.3830,0.6220,0.2460,0.1060
Burundi,Sub-Saharan Africa,2020,140,3.7750,2.8760,0.0000,0.0620,0.1550,0.2980,0.1720,0.2120
Yemen,Middle East and North Africa,2020,141,3.6570,1.7760,0.3290,0.8310,0.2720,0.2680,0.0920,0.0890
Tanzania,Sub-Saharan Africa,2020,142,3.6230,1.2630,0.4330,0.5400,0.3000,0.5490,0.3070,0.2310
Haiti,Latin America and Caribbean,2020,143,3.6130,2.0600,0.2940,0.1730,0.2270,0.2570,0.4630,0.1390
Malawi,Sub-Saharan Africa,2020,144,3.6000,2.1900,0.1130,0.1680,0.2980,0.4840,0.2130,0.1340
Lesotho,Sub-Saharan Africa,2020,145,3.5120,1.8000,0.4510,0.7310,0.0070,0.4050,0.1030,0.0150
Botswana,Sub-Saharan Africa,2020,146,3.4650,0.6480,1.0990,0.7240,0.3400,0.5390,0.0270,0.0880
Rwanda,Sub-Saharan Africa,2020,147,3.4150,1.0950,0.3640,0.2020,0.4070,0.6270,0.2270,0.4930
Zimbabwe,Sub-Saharan Africa,2020,148,3.1450,1.2050,0.4570,0.6490,0.2430,0.3590,0.1570,0.0750
Afghanistan,South Asia,2020,149,2.5230,1.8950,0.3700,0.0000,0.1260,0.0000,0.1220,0.0100
